01_TB_Als_cle8c6253	miscanthus	7.7803156187181255
01_TB_Als_cle8c6253	tabac	5.888619832724634
01_TB_Als_cle8c6253	céréale à paille	3.3286700732698655
05_GC_Als_cle8c3f61	céréale à paille	3.879330523365032
05_GC_Als_cle8c3f61	poireau	3.574161432908116
05_GC_Als_cle8c3f61	orge	3.2629635942146042
05_GC_Als_cle8c3f61	maïs	3.140069912580093
05_GC_Als_cle8c3f61	blé	2.5729028796476565
05_GC_Als_cle8c3f61	céréale	2.4968833054484993
05_GC_Als_cle8c3f61	colza	2.063869067437996
05bsv_jevi_20190502_cle8f22b6	jardins familiaux	5.283173376690136
05bsv_jevi_20190502_cle8f22b6	rosier	5.195947795785014
05bsv_jevi_20190502_cle8f22b6	poirée	5.034557371426035
05bsv_jevi_20190502_cle8f22b6	fève	4.483146293114147
05bsv_jevi_20190502_cle8f22b6	épinard	4.041545050684125
05bsv_jevi_20190502_cle8f22b6	jardin	3.9896073131045955
05bsv_jevi_20190502_cle8f22b6	cardon	3.945552990156146
05bsv_jevi_20190502_cle8f22b6	Chou cabus blanc	3.50182314397856
05bsv_jevi_20190502_cle8f22b6	chou de Bruxelles	3.50182314397856
05bsv_jevi_20190502_cle8f22b6	plaqueminier	3.50182314397856
05bsv_jevi_20190502_cle8f22b6	figuier	3.50182314397856
05bsv_jevi_20190502_cle8f22b6	hibiscus	3.50182314397856
05bsv_jevi_20190502_cle8f22b6	noisetier	3.50182314397856
05bsv_jevi_20190502_cle8f22b6	laitue	3.4766019104699737
05bsv_jevi_20190502_cle8f22b6	zone non agricole	3.0329271075140714
05bsv_jevi_20190502_cle8f22b6	asperge	2.8083112825417524
05bsv_jevi_20190502_cle8f22b6	chou	2.780341496669047
05bsv_jevi_20190502_cle8f22b6	betterave	2.7666171231601657
05bsv_jevi_20190502_cle8f22b6	haricot	2.65916814388141
05bsv_jevi_20190502_cle8f22b6	laurier	2.65916814388141
05bsv_jevi_20190502_cle8f22b6	légume à graines ou à gousses	2.65916814388141
05bsv_jevi_20190502_cle8f22b6	abricotier	2.5305211534664402
05bsv_jevi_20190502_cle8f22b6	tomate	2.507158702628964
05bsv_jevi_20190502_cle8f22b6	soja	2.4172120874078353
05bsv_jevi_20190502_cle8f22b6	concombre	2.2239195407639687
05bsv_jevi_20190502_cle8f22b6	vigne	2.149961181781233
05bsv_jevi_20190502_cle8f22b6	poivron	2.139797244931999
05bsv_jevi_20190502_cle8f22b6	rosier ornemental	1.8589291203519913
05bsv_jevi_20190502_cle8f22b6	arboriculture fruitière	1.804495400319466
05bsv_jevi_20190502_cle8f22b6	poirier	1.7992790750728964
05bsv_jevi_20190502_cle8f22b6	prunier	1.7989738946068476
05bsv_jevi_20190502_cle8f22b6	tournesol	1.7989738946068476
05bsv_jevi_20190502_cle8f22b6	cerisier	1.7421263361950723
05bsv_jevi_20190502_cle8f22b6	pêcher	1.6880348824456874
05bsv_jevi_20190502_cle8f22b6	pois	1.6880348824456874
05bsv_jevi_20190502_cle8f22b6	poireau	1.636403407652391
05bsv_jevi_20190502_cle8f22b6	arboriculture	1.5484102158988553
05bsv_jevi_20190502_cle8f22b6	pomme de terre	1.4499418067595857
05bsv_jevi_20190502_cle8f22b6	culture légumière	1.3663562601403563
05bsv_jevi_20190502_cle8f22b6	maïs	1.3663562601403563
05bsv_jevi_20190502_cle8f22b6	pommier	1.0880514520971911
05bsv_jevi_20190502_cle8f22b6	colza	0.8605715292438199
05bsv_jevi_20190502_cle8f22b6	champignon	0.3955864238550234
119_BSV_Charentes_2015-07-28_cle88a1b6	vigne cultivée	4.958901798147182
119_BSV_Charentes_2015-07-28_cle88a1b6	arbuste  à baies	4.551418283728638
119_BSV_Charentes_2015-07-28_cle88a1b6	vigne de cuve	4.4505496730786405
119_BSV_Charentes_2015-07-28_cle88a1b6	châtaignier	3.9630400378608344
119_BSV_Charentes_2015-07-28_cle88a1b6	rosier ornemental	3.572509873269053
119_BSV_Charentes_2015-07-28_cle88a1b6	vigne	3.448084366497578
119_BSV_Charentes_2015-07-28_cle88a1b6	sylviculture	1.7098957084972686
13_HORTI_Als_cle02386b	poinsettia	9.479964224026546
13_HORTI_Als_cle02386b	primevère	8.65413372349167
13_HORTI_Als_cle02386b	pensée	7.680861425411789
13_HORTI_Als_cle02386b	géranium	7.062690554920453
13_HORTI_Als_cle02386b	chrysanthème	6.707070268586024
13_HORTI_Als_cle02386b	culture légumière	2.616993226640198
13_HORTI_Als_cle02386b	champignon	0.6029133777535611
19bsv_jevi_20181108_cle871314	ciboule	7.5102246072927095
19bsv_jevi_20181108_cle871314	jardins familiaux	5.8212533467269045
19bsv_jevi_20181108_cle871314	ail	5.501271762860007
19bsv_jevi_20181108_cle871314	mâche	4.898743681233209
19bsv_jevi_20181108_cle871314	pin	4.453010038735538
19bsv_jevi_20181108_cle871314	jardin	4.232635446318611
19bsv_jevi_20181108_cle871314	zone non agricole	4.0815585851727825
19bsv_jevi_20181108_cle871314	poireau	3.509531074046689
19bsv_jevi_20181108_cle871314	maraîchage	3.0145972046298484
19bsv_jevi_20181108_cle871314	arboriculture fruitière	1.8456344622588468
2015-05-28_BSV_Grandes_Cultures_01_cle8ba414	pois protéagineux de printemps	6.090999445898558
2015-05-28_BSV_Grandes_Cultures_01_cle8ba414	féverole	4.831206535626999
2015-05-28_BSV_Grandes_Cultures_01_cle8ba414	légume à graines ou à gousses	4.50081646606304
2015-05-28_BSV_Grandes_Cultures_01_cle8ba414	betterave	4.298989821119708
2015-05-28_BSV_Grandes_Cultures_01_cle8ba414	orge de printemps	4.0912899735222545
2015-05-28_BSV_Grandes_Cultures_01_cle8ba414	féverole de printemps	4.050354921913653
2015-05-28_BSV_Grandes_Cultures_01_cle8ba414	pois	3.9262001922584684
2015-05-28_BSV_Grandes_Cultures_01_cle8ba414	tournesol	3.6693508422740058
2015-05-28_BSV_Grandes_Cultures_01_cle8ba414	prunier	3.4345551409998207
2015-05-28_BSV_Grandes_Cultures_01_cle8ba414	laurier	3.3578896050635265
2015-05-28_BSV_Grandes_Cultures_01_cle8ba414	pomme de terre	3.33772700768723
2015-05-28_BSV_Grandes_Cultures_01_cle8ba414	maïs	2.9061479447341165
2015-05-28_BSV_Grandes_Cultures_01_cle8ba414	orge	2.528563959545182
2015-05-28_BSV_Grandes_Cultures_01_cle8ba414	blé	2.402724524683928
2015-05-28_BSV_Grandes_Cultures_01_cle8ba414	rosier ornemental	2.3473802452629755
2015-05-28_BSV_Grandes_Cultures_01_cle8ba414	colza	1.6429812454884907
2015-05-28_BSV_Grandes_Cultures_01_cle8ba414	céréale	1.443560769948509
2015-05-28_BSV_Grandes_Cultures_01_cle8ba414	pommier	1.3582579229622351
2015-05-28_BSV_Grandes_Cultures_01_cle8ba414	champignon	0.4652482020240297
20160718-BSV_30_20_Cereales_Normandie_cle095921	amandier	5.252626711431306
20160718-BSV_30_20_Cereales_Normandie_cle095921	triticale	4.0733844465465525
20160718-BSV_30_20_Cereales_Normandie_cle095921	céréale à paille	3.8857044490555066
20160718-BSV_30_20_Cereales_Normandie_cle095921	maïs	3.4310218520538913
20160718-BSV_30_20_Cereales_Normandie_cle095921	rosier ornemental	3.2697547992632012
20160718-BSV_30_20_Cereales_Normandie_cle095921	blé	2.4586314947694503
20160718-BSV_30_20_Cereales_Normandie_cle095921	oranger	2.403346039493583
20160718-BSV_30_20_Cereales_Normandie_cle095921	céréale	2.3859882089215962
20160718-BSV_30_20_Cereales_Normandie_cle095921	colza	1.5136983207414836
2017_BSV_manche_10_sem21_cle8d2aee	laitue à couper	6.484129158716619
2017_BSV_manche_10_sem21_cle8d2aee	persil	5.443255174753259
2017_BSV_manche_10_sem21_cle8d2aee	céleri	5.007641597577457
2017_BSV_manche_10_sem21_cle8d2aee	céleri à cotes	4.692959557855256
2017_BSV_manche_10_sem21_cle8d2aee	chêne	4.475815806321991
2017_BSV_manche_10_sem21_cle8d2aee	oignon	4.435745034220206
2017_BSV_manche_10_sem21_cle8d2aee	laitue	4.435745034220206
2017_BSV_manche_10_sem21_cle8d2aee	laitue batavia	4.322232841218598
2017_BSV_manche_10_sem21_cle8d2aee	légume racine	4.1651739146462585
2017_BSV_manche_10_sem21_cle8d2aee	céleri-rave	4.1651739146462585
2017_BSV_manche_10_sem21_cle8d2aee	carotte	4.044654195371599
2017_BSV_manche_10_sem21_cle8d2aee	navet	3.551919495409135
2017_BSV_manche_10_sem21_cle8d2aee	horticulture ornementale	3.4943760270002278
2017_BSV_manche_10_sem21_cle8d2aee	salade	3.2257974518543477
2017_BSV_manche_10_sem21_cle8d2aee	chou	3.0629007652497537
2017_BSV_manche_10_sem21_cle8d2aee	poireau	3.0300362453276057
2017_BSV_manche_10_sem21_cle8d2aee	radis	2.8751048578655434
2017_BSV_manche_10_sem21_cle8d2aee	tomate	2.8316658655752835
2017_BSV_manche_10_sem21_cle8d2aee	culture légumière	1.625185287451248
2017_BSV_manche_10_sem21_cle8d2aee	champignon	0.3269475824029419
2017_BSV_manche_33_sem44_cle8f1de5	phacélie	7.027357919156827
2017_BSV_manche_33_sem44_cle8f1de5	céleri-rave	6.23703817024404
2017_BSV_manche_33_sem44_cle8f1de5	persil	5.661546049195914
2017_BSV_manche_33_sem44_cle8f1de5	céleri	5.04587615321775
2017_BSV_manche_33_sem44_cle8f1de5	laitue	4.3359690643862345
2017_BSV_manche_33_sem44_cle8f1de5	chêne	4.305255701065824
2017_BSV_manche_33_sem44_cle8f1de5	carotte	4.281512467125031
2017_BSV_manche_33_sem44_cle8f1de5	salade	4.1081246162547895
2017_BSV_manche_33_sem44_cle8f1de5	poireau	3.661132504185563
2017_BSV_manche_33_sem44_cle8f1de5	champignon	0.48957968932477147
20190403_LOR_BSV_Grandes_Cultures_cle8ff1e5	orge de printemps	5.235595616215169
20190403_LOR_BSV_Grandes_Cultures_cle8ff1e5	blé tendre d'hiver	4.653293478440745
20190403_LOR_BSV_Grandes_Cultures_cle8ff1e5	orge d'hiver	3.998502947808581
20190403_LOR_BSV_Grandes_Cultures_cle8ff1e5	blé tendre	3.7352547698784697
20190403_LOR_BSV_Grandes_Cultures_cle8ff1e5	orge	3.450955424964806
20190403_LOR_BSV_Grandes_Cultures_cle8ff1e5	blé	2.6549334151583968
20190403_LOR_BSV_Grandes_Cultures_cle8ff1e5	céréale	2.2970574377290687
20190403_LOR_BSV_Grandes_Cultures_cle8ff1e5	colza	2.1456101884696253
20190403_LOR_BSV_Grandes_Cultures_cle8ff1e5	sylviculture	2.005270869796815
55_02_note_commune_resistance_fongicides_maladies_cereales_2006_cle86a116	orge à six rangs	6.6041450105521955
55_02_note_commune_resistance_fongicides_maladies_cereales_2006_cle86a116	céréale à paille	3.8666451997652285
55_02_note_commune_resistance_fongicides_maladies_cereales_2006_cle86a116	orge	3.4220105627860704
55_02_note_commune_resistance_fongicides_maladies_cereales_2006_cle86a116	blé	2.926694524636387
55_02_note_commune_resistance_fongicides_maladies_cereales_2006_cle86a116	céréale	2.48525975791077
55_02_note_commune_resistance_fongicides_maladies_cereales_2006_cle86a116	champignon	0.5183959395899246
BSV-18-17_cle8f1356-1	arbuste  à baies	4.477642176885156
BSV-18-17_cle8f1356-1	vigne	3.4796129849776065
BSV05_GC_LOR_S13_2020_cle4419d7	colza de printemps	6.9400122275062905
BSV05_GC_LOR_S13_2020_cle4419d7	blé tendre d'hiver	4.833446125399372
BSV05_GC_LOR_S13_2020_cle4419d7	blé tendre	4.2790876116050764
BSV05_GC_LOR_S13_2020_cle4419d7	orge d'hiver	3.500196106808143
BSV05_GC_LOR_S13_2020_cle4419d7	orge	3.3248406838189517
BSV05_GC_LOR_S13_2020_cle4419d7	blé	2.836708345254255
BSV05_GC_LOR_S13_2020_cle4419d7	chou	2.403346039493583
BSV05_GC_LOR_S13_2020_cle4419d7	colza	2.142634996393445
BSV971_BanCas_N04_cle08e5ae	bananier	8.052219439688932
BSV971_BanCas_N04_cle08e5ae	caféier	5.005194766747461
BSV971_BanCas_N04_cle08e5ae	bananier plantain	4.241375966509923
BSV971_BanCas_N04_cle08e5ae	jardin	4.155046780134385
BSV971_BanCas_N04_cle08e5ae	arbuste  à baies	3.8980396481540245
BSV971_BanCas_N04_cle08e5ae	pêcher	2.829294894938128
BSV971_BanCas_N04_cle08e5ae	culture légumière	2.2901332381715434
BSV971_BanCas_N04_cle08e5ae	sylviculture	1.9397221886707
BSV971_BanCas_N04_cle08e5ae	champignon	0.4607188678006463
BSV971_CulturesVivrieres-Bilan2018_cle81e161	pomme de terre potagère	7.000252354477929
BSV971_CulturesVivrieres-Bilan2018_cle81e161	culture légumière	2.649593578264492
BSV971_CulturesVivrieres-Bilan2018_cle81e161	champignon	0.5330335079038933
BSV_01-42_cereales_Normandie_2020_cle83b764	blé tendre d'hiver	5.0893344496852215
BSV_01-42_cereales_Normandie_2020_cle83b764	blé tendre	4.085270113902964
BSV_01-42_cereales_Normandie_2020_cle83b764	céréale à paille	3.7097048945982865
BSV_01-42_cereales_Normandie_2020_cle83b764	blé	2.832743547655327
BSV_01-42_cereales_Normandie_2020_cle83b764	céréale	2.7065392230479457
BSV_01-42_cereales_Normandie_2020_cle83b764	sylviculture	1.7098957084972686
BSV_17-VF_cle81c713	myrtille	6.86833854782859
BSV_17-VF_cle81c713	prunier	4.407057749236611
BSV_17-VF_cle81c713	framboisier	4.221045286174774
BSV_17-VF_cle81c713	cerisier	4.183611582120837
BSV_17-VF_cle81c713	poirier	2.6611944387472874
BSV_17-VF_cle81c713	arboriculture	2.1102860775269994
BSV_17-VF_cle81c713	arboriculture fruitière	2.0501818857638763
BSV_17-VF_cle81c713	pommier	1.4260895882600853
BSV_2019_n14bis_cle0ca71b	vigne	3.564048038252925
BSV_5_VF_cle84611d	mauve	4.378450892203447
BSV_5_VF_cle84611d	prunier	4.313473260900553
BSV_5_VF_cle84611d	cerisier	4.07991930204426
BSV_5_VF_cle84611d	poirier	3.010103740221839
BSV_5_VF_cle84611d	arboriculture fruitière	2.0301590612007434
BSV_5_VF_cle84611d	arboriculture	1.8090337175848012
BSV_5_VF_cle84611d	pommier	1.4081717187116596
BSV_5_VF_cle84611d	colza	1.0760024207680425
BSV_5_VF_cle84611d	champignon	0.46217027737517585
BSV_AF_5_15_mars_2019_cle452e6e	poirier	2.974734733721334
BSV_AF_5_15_mars_2019_cle452e6e	arboriculture	2.3864123251445193
BSV_AF_5_15_mars_2019_cle452e6e	pommier	1.403892651858941
BSV_AF_n19_du_11052017-1_cle84e61b	arbre fruitier à noyau	4.311247103704794
BSV_AF_n19_du_11052017-1_cle84e61b	prunier	4.151478218323494
BSV_AF_n19_du_11052017-1_cle84e61b	poirier	2.9272757620885863
BSV_AF_n19_du_11052017-1_cle84e61b	arboriculture	2.625178239598634
BSV_AF_n19_du_11052017-1_cle84e61b	oranger	2.624797916435814
BSV_AF_n19_du_11052017-1_cle84e61b	arboriculture fruitière	2.081139226873883
BSV_AF_n19_du_11052017-1_cle84e61b	pommier	1.4269086398078101
BSV_AF_n19_du_11052017-1_cle84e61b	sylviculture	1.3658930215806584
BSV_AF_n30_du_25052018_cle0ca846	poirier	2.4653903087138387
BSV_AF_n30_du_25052018_cle0ca846	arboriculture	2.121647271441691
BSV_AF_n30_du_25052018_cle0ca846	pommier	1.1635132703203364
BSV_AF_n34_du_16072019_cle0a1d81	prunier	4.1500256068238235
BSV_AF_n34_du_16072019_cle0a1d81	cerisier	4.064477930073766
BSV_AF_n34_du_16072019_cle0a1d81	vigne de cuve	3.130198467606685
BSV_AF_n34_du_16072019_cle0a1d81	arboriculture	2.6295287312298914
BSV_AF_n34_du_16072019_cle0a1d81	poirier	2.2137101795683596
BSV_AF_n34_du_16072019_cle0a1d81	arboriculture fruitière	2.103202289525672
BSV_AF_n34_du_16072019_cle0a1d81	sylviculture	1.5753731077339763
BSV_AF_n34_du_16072019_cle0a1d81	pommier	1.3611560617159058
BSV_ARBO_2017_35_cle4d79ba	noyer	5.747424494951431
BSV_ARBO_2017_35_cle4d79ba	jardin	3.1216230177576927
BSV_ARBO_2017_35_cle4d79ba	poirier	2.9529197615939045
BSV_ARBO_2017_35_cle4d79ba	maraîchage	2.932183755870183
BSV_ARBO_2017_35_cle4d79ba	culture légumière	2.8832007838940243
BSV_ARBO_2017_35_cle4d79ba	horticulture ornementale	2.8436248079946345
BSV_ARBO_2017_35_cle4d79ba	pomme de terre	2.598073184678087
BSV_ARBO_2017_35_cle4d79ba	arboriculture	2.270360305265986
BSV_ARBO_2017_35_cle4d79ba	arboriculture fruitière	2.124724996443618
BSV_ARBO_2017_35_cle4d79ba	pommier	1.4123175068546134
BSV_ARBO_2018_11_cle44752f	zone non agricole	3.4885116112587884
BSV_ARBO_2018_11_cle44752f	maraîchage	3.17326021539984
BSV_ARBO_2018_11_cle44752f	horticulture ornementale	3.077420183052431
BSV_ARBO_2018_11_cle44752f	culture légumière	3.0182149753942946
BSV_ARBO_2018_11_cle44752f	pomme de terre	2.811679949161119
BSV_ARBO_2018_11_cle44752f	poirier	2.424441232684127
BSV_ARBO_2018_11_cle44752f	arboriculture	2.3766764739983612
BSV_ARBO_2018_11_cle44752f	pommier	1.4008148202897144
BSV_Arbo_06_20_cle882ae6	poirier	2.7730518160111846
BSV_Arbo_06_20_cle882ae6	arboriculture	2.3864123251445193
BSV_Arbo_06_20_cle882ae6	arboriculture fruitière	1.9087480605882872
BSV_Arbo_06_20_cle882ae6	pommier	1.403892651858941
BSV_Arboriculture-Fruits_transformes__Bretagne-Normandie-Pays_de_la_Loire_no15_du_17-06-2020_cle0d4baf	bananier plantain	4.272427254767996
BSV_Arboriculture-Fruits_transformes__Bretagne-Normandie-Pays_de_la_Loire_no15_du_17-06-2020_cle0d4baf	vigne de cuve	3.9099189101883938
BSV_Arboriculture-Fruits_transformes__Bretagne-Normandie-Pays_de_la_Loire_no15_du_17-06-2020_cle0d4baf	poirier	2.986308942735704
BSV_Arboriculture-Fruits_transformes__Bretagne-Normandie-Pays_de_la_Loire_no15_du_17-06-2020_cle0d4baf	arboriculture	2.5699355585373738
BSV_Arboriculture-Fruits_transformes__Bretagne-Normandie-Pays_de_la_Loire_no15_du_17-06-2020_cle0d4baf	arboriculture fruitière	2.1342149551628395
BSV_Arboriculture-Fruits_transformes__Bretagne-Normandie-Pays_de_la_Loire_no15_du_17-06-2020_cle0d4baf	pommier	1.3714365431197175
BSV_Arboriculture-Fruits_transformes__Bretagne-Normandie-Pays_de_la_Loire_no15_du_17-06-2020_cle0d4baf	champignon	0.6242051764695117
BSV_Arboriculture-Fruits_transformes__Bretagne-Normandie-Pays_de_la_Loire_no_17_du_26-06-2018_cle861251	bananier plantain	4.33352907469317
BSV_Arboriculture-Fruits_transformes__Bretagne-Normandie-Pays_de_la_Loire_no_17_du_26-06-2018_cle861251	vigne de cuve	3.9658363423473033
BSV_Arboriculture-Fruits_transformes__Bretagne-Normandie-Pays_de_la_Loire_no_17_du_26-06-2018_cle861251	cerisier	2.983399336278323
BSV_Arboriculture-Fruits_transformes__Bretagne-Normandie-Pays_de_la_Loire_no_17_du_26-06-2018_cle861251	poirier	2.8526496145653097
BSV_Arboriculture-Fruits_transformes__Bretagne-Normandie-Pays_de_la_Loire_no_17_du_26-06-2018_cle861251	arboriculture	2.549044297247883
BSV_Arboriculture-Fruits_transformes__Bretagne-Normandie-Pays_de_la_Loire_no_17_du_26-06-2018_cle861251	arboriculture fruitière	2.1414694996202823
BSV_Arboriculture-Fruits_transformes__Bretagne-Normandie-Pays_de_la_Loire_no_17_du_26-06-2018_cle861251	pommier	1.3978981833615303
BSV_Arboriculture-Fruits_transformes__Bretagne-Normandie-Pays_de_la_Loire_no_17_du_26-06-2018_cle861251	champignon	0.6048427573784596
BSV_Arboriculture-Fruits_transformes__Bretagne-Normandie-Pays_de_la_Loire_no_1_du_13-03-2018_cle0bf736	poirier	2.9536666743956235
BSV_Arboriculture-Fruits_transformes__Bretagne-Normandie-Pays_de_la_Loire_no_1_du_13-03-2018_cle0bf736	arboriculture	2.541844517815498
BSV_Arboriculture-Fruits_transformes__Bretagne-Normandie-Pays_de_la_Loire_no_1_du_13-03-2018_cle0bf736	sylviculture	1.6980165801587097
BSV_Arboriculture-Fruits_transformes__Bretagne-Normandie-Pays_de_la_Loire_no_1_du_13-03-2018_cle0bf736	arboriculture fruitière	1.6423657709720632
BSV_Arboriculture-Fruits_transformes__Bretagne-Normandie-Pays_de_la_Loire_no_1_du_13-03-2018_cle0bf736	pommier	1.4429888619026676
BSV_Arboriculture-Fruits_transformes__Bretagne-Normandie-Pays_de_la_Loire_no_1_du_13-03-2018_cle0bf736	champignon	0.5245925400120763
BSV_Arboriculture_3_24_fevrier_2020-2-2_cle83ae58	amandier	6.475841151079692
BSV_Arboriculture_3_24_fevrier_2020-2-2_cle83ae58	abricotier	5.9481735430669564
BSV_Arboriculture_3_24_fevrier_2020-2-2_cle83ae58	prunier	4.228618642412975
BSV_Arboriculture_3_24_fevrier_2020-2-2_cle83ae58	pêcher	3.8598610581139345
BSV_Arboriculture_3_24_fevrier_2020-2-2_cle83ae58	arboriculture	2.572228499330288
BSV_Arboriculture_3_24_fevrier_2020-2-2_cle83ae58	arboriculture fruitière	2.0228358080124016
BSV_Arboriculture_4_14mars2017_cle063599	abricotier	5.59807379757853
BSV_Arboriculture_4_14mars2017_cle063599	prunier	3.979729079968725
BSV_Arboriculture_4_14mars2017_cle063599	pêcher	3.734307390346452
BSV_Arboriculture_4_14mars2017_cle063599	arboriculture	2.5563933607691607
BSV_Arboriculture_4_14mars2017_cle063599	arboriculture fruitière	1.9037750078487157
BSV_Betteraves_du_22_juillet_2020_cle8647db	betterave	4.692878739174389
BSV_Betteraves_du_22_juillet_2020_cle8647db	champignon	0.5397573616775153
BSV_Betteraves_du_29_mai_2019_cle8fbfd9	betterave	4.586295052186329
BSV_Bilan_Fruits_a_noyau_2018_cle888e1e	arbre fruitier à noyau	6.090511391710943
BSV_Bilan_Fruits_a_noyau_2018_cle888e1e	abricotier	5.732058284055974
BSV_Bilan_Fruits_a_noyau_2018_cle888e1e	pêcher	3.8552114384944027
BSV_Bilan_Fruits_a_noyau_2018_cle888e1e	cerisier	3.4060621168053387
BSV_Bilan_Fruits_a_noyau_2018_cle888e1e	prunier	3.0148326695604815
BSV_Bilan_Fruits_a_noyau_2018_cle888e1e	olivier	2.3587172699169274
BSV_Bilan_Fruits_a_noyau_2018_cle888e1e	chêne	2.2388325820731354
BSV_Bilan_Fruits_a_noyau_2018_cle888e1e	arboriculture fruitière	1.7448214437114538
BSV_Bilan_Fruits_a_noyau_2018_cle888e1e	oranger	1.5061464890121325
BSV_Bilan_Fruits_a_noyau_2018_cle888e1e	conifère	1.3041005628440234
BSV_Bilan_Fruits_a_noyau_2018_cle888e1e	agrume	1.2141233142975396
BSV_Bilan_Fruits_a_noyau_2018_cle888e1e	caféier	1.2141233142975396
BSV_Bilan_Fruits_a_noyau_2018_cle888e1e	mûrier	1.0811461732006689
BSV_Bilan_Fruits_a_noyau_2018_cle888e1e	laurier	1.0811461732006689
BSV_Bilan_Fruits_a_noyau_2018_cle888e1e	luzerne	1.0288417705246076
BSV_Bilan_Fruits_a_noyau_2018_cle888e1e	arboriculture	0.7552227187362006
BSV_Bilan_Fruits_a_noyau_2018_cle888e1e	horticulture ornementale	0.6452233893425632
BSV_Bilan_Fruits_a_noyau_2018_cle888e1e	sylviculture	0.6245255532773489
BSV_Bilan_Fruits_a_noyau_2018_cle888e1e	vigne	0.6073891857551507
BSV_Bilan_Fruits_a_noyau_2018_cle888e1e	pommier	0.5464983659075058
BSV_Bilan_Fruits_a_noyau_2018_cle888e1e	champignon	0.37413650725398284
BSV_Cassis_n_05_du_10_mai_2012_cle09e263	cassissier	7.636374109908384
BSV_Cassis_n_05_du_10_mai_2012_cle09e263	arbuste  à baies	3.762251467639492
BSV_Cassis_n_05_du_10_mai_2012_cle09e263	vigne	2.9236769135170664
BSV_Cassis_n_05_du_10_mai_2012_cle09e263	arboriculture fruitière	2.000681539050971
BSV_Cereales_paille_14_cle09e79d	blé dur	6.111618801860294
BSV_Cereales_paille_14_cle09e79d	céréale à paille	4.028776058902461
BSV_Cereales_paille_14_cle09e79d	blé tendre	3.6678797789057582
BSV_Cereales_paille_14_cle09e79d	blé	2.6863364439321806
BSV_Cereales_paille_14_cle09e79d	orge d'hiver	2.685494852858911
BSV_Cereales_paille_14_cle09e79d	céréale	2.5502184798134166
BSV_Cereales_paille_14_cle09e79d	orge	2.3319542190624554
BSV_Cereales_paille_14_cle09e79d	triticale	1.826483262147159
BSV_Cereales_paille_14_cle09e79d	oranger	1.4011346011503514
BSV_Cereales_paille_14_cle09e79d	orge de printemps	1.1263319562168765
BSV_Cereales_paille_14_cle09e79d	champignon	0.28187405707175994
BSV_Colza_no08-05avril18_cle866147	colza	2.1719880834871166
BSV_Colza_no24-20nov2019_cle8157b8	mâche	6.424235672757279
BSV_Colza_no24-20nov2019_cle8157b8	chou	3.207179334580071
BSV_Colza_no24-20nov2019_cle8157b8	colza	2.1466332846606595
BSV_Colza_no25-14nov_cle0f148b	mâche	5.890692075624636
BSV_Colza_no25-14nov_cle0f148b	chou	3.2488190853679364
BSV_Colza_no25-14nov_cle0f148b	colza	2.076666602024874
BSV_FR_08_13082019_cle8c5d91	fraisier	4.887021609573235
BSV_FR_08_13082019_cle8c5d91	olivier	4.17936141105497
BSV_FR_08_13082019_cle8c5d91	champignon	0.6096784352455715
BSV_GC_NA_Limousin_18_20200901_cle088995	fourrage annuel	5.492931826170578
BSV_GC_NA_Limousin_18_20200901_cle088995	protéagineux	5.492931826170578
BSV_GC_NA_Limousin_18_20200901_cle088995	féverole	4.33352907469317
BSV_GC_NA_Limousin_18_20200901_cle088995	oléagineux	3.8084724075422565
BSV_GC_NA_Limousin_18_20200901_cle088995	céréale à paille	3.4673951620942858
BSV_GC_NA_Limousin_18_20200901_cle088995	maïs	3.237110206234276
BSV_GC_NA_Limousin_18_20200901_cle088995	oranger	2.3398913585828613
BSV_GC_NA_Limousin_18_20200901_cle088995	colza	2.1632506559680476
BSV_GC_NA_Limousin_18_20200901_cle088995	céréale	1.957700263095736
BSV_GC_n_15_du_10_mars_2015_cle0bc9b5	chou	2.678792499939321
BSV_GC_n_15_du_10_mars_2015_cle0bc9b5	colza	2.114876205907418
BSV_GC_n_22_du_30_avril_2013_cle82bfbf	orge à six rangs	7.036417611952831
BSV_GC_n_22_du_30_avril_2013_cle82bfbf	engrais vert	5.782202451119906
BSV_GC_n_22_du_30_avril_2013_cle82bfbf	féverole	5.084723836578616
BSV_GC_n_22_du_30_avril_2013_cle82bfbf	luzerne	5.084723836578616
BSV_GC_n_22_du_30_avril_2013_cle82bfbf	pois protéagineux de printemps	4.93086676172549
BSV_GC_n_22_du_30_avril_2013_cle82bfbf	tournesol	4.155619463217658
BSV_GC_n_22_du_30_avril_2013_cle82bfbf	soja	3.9912951288586895
BSV_GC_n_22_du_30_avril_2013_cle82bfbf	pois	3.804481235976888
BSV_GC_n_22_du_30_avril_2013_cle82bfbf	céréale à paille	3.3918670041505337
BSV_GC_n_22_du_30_avril_2013_cle82bfbf	maïs	2.9594791797729507
BSV_GC_n_22_du_30_avril_2013_cle82bfbf	blé	2.800961270476353
BSV_GC_n_22_du_30_avril_2013_cle82bfbf	chou	2.2561243648388447
BSV_GC_n_22_du_30_avril_2013_cle82bfbf	colza	2.0801300518521266
BSV_GC_n_22_du_30_avril_2013_cle82bfbf	céréale	1.8876155281400415
BSV_GC_n_22_du_30_avril_2013_cle82bfbf	champignon	0.552327411567601
BSV_GRANDES_CULTURES_2017_No5_cle8b8eff	millet	6.05711126365194
BSV_GRANDES_CULTURES_2017_No5_cle8b8eff	orge de printemps	4.6435131419969515
BSV_GRANDES_CULTURES_2017_No5_cle8b8eff	jardins familiaux	3.710841698946282
BSV_GRANDES_CULTURES_2017_No5_cle8b8eff	orge	3.282344876443237
BSV_GRANDES_CULTURES_2017_No5_cle8b8eff	orge d'hiver	3.054904886119533
BSV_GRANDES_CULTURES_2017_No5_cle8b8eff	pomme de terre	3.0400605675997894
BSV_GRANDES_CULTURES_2017_No5_cle8b8eff	betterave	2.951240159321084
BSV_GRANDES_CULTURES_2017_No5_cle8b8eff	blé tendre	2.853780076280013
BSV_GRANDES_CULTURES_2017_No5_cle8b8eff	zone non agricole	2.761738358913208
BSV_GRANDES_CULTURES_2017_No5_cle8b8eff	blé	2.7580802024657296
BSV_GRANDES_CULTURES_2017_No5_cle8b8eff	culture légumière	2.624797916435814
BSV_GRANDES_CULTURES_2017_No5_cle8b8eff	céréale à paille	2.5914276466210913
BSV_GRANDES_CULTURES_2017_No5_cle8b8eff	maraîchage	2.5121643371915403
BSV_GRANDES_CULTURES_2017_No5_cle8b8eff	horticulture ornementale	2.436290978249841
BSV_GRANDES_CULTURES_2017_No5_cle8b8eff	colza	2.1397558408027333
BSV_GRANDES_CULTURES_2017_No5_cle8b8eff	arboriculture	1.6517393657435193
BSV_GRANDES_CULTURES_2017_No5_cle8b8eff	pommier	1.2371252480258021
BSV_GRANDES_CULTURES_2018_No38_cle0b961f	mâche	5.528772989894233
BSV_GRANDES_CULTURES_2018_No38_cle0b961f	jardins familiaux	4.224298044043255
BSV_GRANDES_CULTURES_2018_No38_cle0b961f	oignon	3.603774830948387
BSV_GRANDES_CULTURES_2018_No38_cle0b961f	pomme de terre	3.2181369104046564
BSV_GRANDES_CULTURES_2018_No38_cle0b961f	pêcher	2.94999453682154
BSV_GRANDES_CULTURES_2018_No38_cle0b961f	maraîchage	2.8597638371172853
BSV_GRANDES_CULTURES_2018_No38_cle0b961f	culture légumière	2.8408408859059326
BSV_GRANDES_CULTURES_2018_No38_cle0b961f	horticulture ornementale	2.7733921436377647
BSV_GRANDES_CULTURES_2018_No38_cle0b961f	blé	2.7058626921438202
BSV_GRANDES_CULTURES_2018_No38_cle0b961f	chou	2.387831877577122
BSV_GRANDES_CULTURES_2018_No38_cle0b961f	céréale	2.376826141671578
BSV_GRANDES_CULTURES_2018_No38_cle0b961f	colza	2.118006417959493
BSV_GRANDES_CULTURES_2018_No38_cle0b961f	arboriculture	1.8802848350984323
BSV_GRANDES_CULTURES_2018_No38_cle0b961f	sylviculture	1.554886919879638
BSV_GRANDES_CULTURES_2018_No38_cle0b961f	pommier	1.3095918107344307
BSV_Grandes_Cultures_Lin__Oleagineux_n19_NR_02052018_cle06c988	lin oléagineux	6.359669801259568
BSV_Grandes_Cultures_Lin__Oleagineux_n19_NR_02052018_cle06c988	lin oléagineux d'hiver	5.59887972584589
BSV_Grandes_Cultures_Lin__Oleagineux_n19_NR_02052018_cle06c988	lin	5.542637493849793
BSV_Grandes_Cultures_Lin__Oleagineux_n19_NR_02052018_cle06c988	oléagineux	5.361584340760749
BSV_Grandes_Cultures_Lin__Oleagineux_n19_NR_02052018_cle06c988	lin oléagineux de printemps	5.321216728229899
BSV_Grandes_Cultures_Lin__Oleagineux_n2_NR_17102017_cle4cd66c	lin oléagineux	6.4611421602113355
BSV_Grandes_Cultures_Lin__Oleagineux_n2_NR_17102017_cle4cd66c	lin oléagineux d'hiver	5.912075806677546
BSV_Grandes_Cultures_Lin__Oleagineux_n2_NR_17102017_cle4cd66c	lin	5.535794603362152
BSV_Grandes_Cultures_Lin__Oleagineux_n2_NR_17102017_cle4cd66c	oléagineux	5.427595639073809
BSV_Grandes_Cultures_Lin__Oleagineux_n2_NR_17102017_cle4cd66c	colza	1.3660329848975656
BSV_Horticulture_n_14_du_21_octobre_2011_cle036c85	chrysanthème	8.351885643272304
BSV_Horticulture_n_14_du_21_octobre_2011_cle036c85	pensée	6.8936722868078295
BSV_JEVI_4_24_juillet_2019_cle4fa1b8	palmier	7.609063654560695
BSV_JEVI_4_24_juillet_2019_cle4fa1b8	conifère	6.868391099960381
BSV_JEVI_4_24_juillet_2019_cle4fa1b8	feuillu	5.626880609785757
BSV_JEVI_4_24_juillet_2019_cle4fa1b8	pin	5.285363586834836
BSV_JEVI_4_24_juillet_2019_cle4fa1b8	chêne	4.854695386816294
BSV_JEVI_4_24_juillet_2019_cle4fa1b8	caféier	4.523243111729209
BSV_JEVI_4_24_juillet_2019_cle4fa1b8	eleagnus	4.239455269261823
BSV_JEVI_4_24_juillet_2019_cle4fa1b8	vigne de table	4.239455269261823
BSV_JEVI_4_24_juillet_2019_cle4fa1b8	arboriculture fruitière tropicale	4.239455269261823
BSV_JEVI_4_24_juillet_2019_cle4fa1b8	papayer	4.239455269261823
BSV_JEVI_4_24_juillet_2019_cle4fa1b8	goyavier	4.239455269261823
BSV_JEVI_4_24_juillet_2019_cle4fa1b8	ananas	4.239455269261823
BSV_JEVI_4_24_juillet_2019_cle4fa1b8	manguier	3.762672207622634
BSV_JEVI_4_24_juillet_2019_cle4fa1b8	citronnier	3.762672207622634
BSV_JEVI_4_24_juillet_2019_cle4fa1b8	plaqueminier	3.762672207622634
BSV_JEVI_4_24_juillet_2019_cle4fa1b8	figuier	3.762672207622634
BSV_JEVI_4_24_juillet_2019_cle4fa1b8	bananier	3.446471116472169
BSV_JEVI_4_24_juillet_2019_cle4fa1b8	courge	3.446471116472169
BSV_JEVI_4_24_juillet_2019_cle4fa1b8	olivier	3.2411443369413933
BSV_JEVI_4_24_juillet_2019_cle4fa1b8	amandier	3.2086796477078208
BSV_JEVI_4_24_juillet_2019_cle4fa1b8	agrume	3.2086796477078208
BSV_JEVI_4_24_juillet_2019_cle4fa1b8	tilleul	3.0175009926879452
BSV_JEVI_4_24_juillet_2019_cle4fa1b8	laurier	2.8572482558357626
BSV_JEVI_4_24_juillet_2019_cle4fa1b8	vigne	2.8457867318822587
BSV_JEVI_4_24_juillet_2019_cle4fa1b8	abricotier	2.7190184151137817
BSV_JEVI_4_24_juillet_2019_cle4fa1b8	melon	2.7190184151137817
BSV_JEVI_4_24_juillet_2019_cle4fa1b8	cerisier	2.638793428755236
BSV_JEVI_4_24_juillet_2019_cle4fa1b8	tomate	2.638793428755236
BSV_JEVI_4_24_juillet_2019_cle4fa1b8	pêcher	2.5568612693359363
BSV_JEVI_4_24_juillet_2019_cle4fa1b8	poivron	2.299189677039386
BSV_JEVI_4_24_juillet_2019_cle4fa1b8	vigne cultivée	2.215746285188801
BSV_JEVI_4_24_juillet_2019_cle4fa1b8	rosier ornemental	1.997399825606856
BSV_JEVI_4_24_juillet_2019_cle4fa1b8	zone non agricole	1.9329785649270006
BSV_JEVI_4_24_juillet_2019_cle4fa1b8	sylviculture	1.8540693077914043
BSV_JEVI_4_24_juillet_2019_cle4fa1b8	horticulture ornementale	1.705193478478232
BSV_JEVI_4_24_juillet_2019_cle4fa1b8	oranger	1.468135458120325
BSV_JEVI_4_24_juillet_2019_cle4fa1b8	culture légumière	1.468135458120325
BSV_JEVI_4_24_juillet_2019_cle4fa1b8	poirier	1.3433789125364504
BSV_JEVI_4_24_juillet_2019_cle4fa1b8	arboriculture fruitière	1.3035050611209855
BSV_JEVI_4_24_juillet_2019_cle4fa1b8	champignon	0.2953529929041244
BSV_KIWI_NA_N_3_2017-02-23_cle483144	actinidia	6.532885420271173
BSV_KIWI_NA_N_3_2017-02-23_cle483144	mûrier	5.204113245437898
BSV_KIWI_NA_N_3_2017-02-23_cle483144	sylviculture	1.7412452893235673
BSV_LIN_FIBRE_2020_No6_cle0365b1	lin	5.494354850082122
BSV_Legumes_082019_cle841c8f-1	chicorée potagère	6.341029112981725
BSV_Legumes_082019_cle841c8f-1	navet	5.4074152457736
BSV_Legumes_082019_cle841c8f-1	oignon	4.681239455325208
BSV_Legumes_082019_cle841c8f-1	chou pommé	4.399062295192971
BSV_Legumes_082019_cle841c8f-1	carotte	3.8084166132386126
BSV_Legumes_082019_cle841c8f-1	haricot	3.340501743625066
BSV_Legumes_082019_cle841c8f-1	pois	3.337276099615937
BSV_Legumes_082019_cle841c8f-1	poireau	3.3307562685858523
BSV_Legumes_082019_cle841c8f-1	céleri	3.2391744356020844
BSV_Legumes_082019_cle841c8f-1	chou	3.214550999927185
BSV_Legumes_082019_cle841c8f-1	échalote	3.1788927469235433
BSV_Legumes_082019_cle841c8f-1	salade	3.154606432737877
BSV_Legumes_082019_cle841c8f-1	ciboule	2.9124691152947237
BSV_Legumes_082019_cle841c8f-1	haricot vert	2.9124691152947237
BSV_Legumes_082019_cle841c8f-1	culture légumière	2.901061029713781
BSV_Legumes_082019_cle841c8f-1	ail	2.483655194808569
BSV_Legumes_082019_cle841c8f-1	scorsonère	2.483655194808569
BSV_Legumes_082019_cle841c8f-1	épinard	2.335674744340157
BSV_Legumes_082019_cle841c8f-1	ciboulette	2.1046364713603336
BSV_Legumes_082019_cle841c8f-1	radis	2.0103972303107014
BSV_Legumes_082019_cle841c8f-1	concombre	1.849635664357566
BSV_Legumes_082019_cle841c8f-1	olivier	1.779671083496426
BSV_Legumes_082019_cle841c8f-1	tomate	1.448927869996614
BSV_Legumes_082019_cle841c8f-1	pomme de terre	1.2059177627012045
BSV_Legumes_082019_cle841c8f-1	sylviculture	1.1176991450298215
BSV_Legumes_082019_cle841c8f-1	pommier	0.49073736463688983
BSV_Legumes_322019_2__cle44e13b	chicorée potagère	6.762890289947737
BSV_Legumes_322019_2__cle44e13b	épinard	6.368733125880773
BSV_Legumes_322019_2__cle44e13b	haricot	5.596987146783633
BSV_Legumes_322019_2__cle44e13b	haricot vert	5.421803259802694
BSV_Legumes_322019_2__cle44e13b	haricot demi-sec	4.9661749158614725
BSV_Legumes_322019_2__cle44e13b	scorsonère	4.623530515988435
BSV_Legumes_322019_2__cle44e13b	carotte	3.950821896336523
BSV_Legumes_322019_2__cle44e13b	poireau	3.8801130541780773
BSV_Legumes_322019_2__cle44e13b	pois	3.7200992896723712
BSV_Legumes_322019_2__cle44e13b	olivier	3.313005597623683
BSV_Legumes_322019_2__cle44e13b	culture légumière	3.3083000569568184
BSV_Legumes_322019_2__cle44e13b	oignon	3.19276826920906
BSV_Legumes_322019_2__cle44e13b	salade	2.6972996237152054
BSV_Legumes_322019_2__cle44e13b	chou	2.6387733201780152
BSV_Legumes_322019_2__cle44e13b	oranger	2.115502274299366
BSV_Legumes_322019_2__cle44e13b	sylviculture	1.9607947248598672
BSV_Lin_09_cle07fbd6	lin oléagineux	6.482996695116177
BSV_Lin_09_cle07fbd6	lin oléagineux d'hiver	6.0599317954989305
BSV_Lin_09_cle07fbd6	lin	5.532219199183797
BSV_Lin_09_cle07fbd6	oléagineux	5.421869642260604
BSV_Lin_bilan_cle8a2881	lin oléagineux	6.216330304776295
BSV_Lin_bilan_cle8a2881	lin oléagineux d'hiver	5.631888994070833
BSV_Lin_bilan_cle8a2881	lin	5.562351169669024
BSV_Lin_bilan_cle8a2881	oléagineux	5.232092823862837
BSV_Lin_bilan_cle8a2881	lin oléagineux de printemps	3.626931014519895
BSV_Lin_bilan_cle8a2881	céréale	1.2926509969641822
BSV_MARAICHAGE_2018-17_cle04f12d	persil	4.39313523668709
BSV_MARAICHAGE_2018-17_cle04f12d	carotte	4.24472869045095
BSV_MARAICHAGE_2018-17_cle04f12d	salade	3.855796203806155
BSV_MARAICHAGE_2018-17_cle04f12d	poireau	3.832499455234035
BSV_MARAICHAGE_2018-17_cle04f12d	laitue	3.5799952758371103
BSV_MARAICHAGE_2018-17_cle04f12d	chou	3.329156731228937
BSV_MARAICHAGE_2018-17_cle04f12d	zone non agricole	3.123125683202222
BSV_MARAICHAGE_2018-17_cle04f12d	maraîchage	2.8408936482292435
BSV_MARAICHAGE_2018-17_cle04f12d	culture légumière	2.82966019284056
BSV_MARAICHAGE_2018-17_cle04f12d	horticulture ornementale	2.7550918794929427
BSV_MARAICHAGE_2018-17_cle04f12d	pomme de terre	2.517185218426492
BSV_MARAICHAGE_2018-17_cle04f12d	arboriculture	1.8678777511493625
BSV_MARAICHAGE_2018-17_cle04f12d	pommier	1.0243458373368537
BSV_MARAICHAGE_2019_07_cle0cc493	moutarde	5.553055555179265
BSV_MARAICHAGE_2019_07_cle0cc493	carotte	3.930897775645351
BSV_MARAICHAGE_2019_07_cle0cc493	panais	3.825742530813226
BSV_MARAICHAGE_2019_07_cle0cc493	fenouil	3.825742530813226
BSV_MARAICHAGE_2019_07_cle0cc493	persil	3.56150952320611
BSV_MARAICHAGE_2019_07_cle0cc493	poivron	3.5451363667698206
BSV_MARAICHAGE_2019_07_cle0cc493	cerfeuil	3.3954869623420447
BSV_MARAICHAGE_2019_07_cle0cc493	manguier	3.3954869623420447
BSV_MARAICHAGE_2019_07_cle0cc493	citronnier	3.3954869623420447
BSV_MARAICHAGE_2019_07_cle0cc493	pomme de terre	3.373359336817849
BSV_MARAICHAGE_2019_07_cle0cc493	salade	3.166808900145865
BSV_MARAICHAGE_2019_07_cle0cc493	tomate	3.166808900145865
BSV_MARAICHAGE_2019_07_cle0cc493	ortie	3.110142764592196
BSV_MARAICHAGE_2019_07_cle0cc493	bananier	3.110142764592196
BSV_MARAICHAGE_2019_07_cle0cc493	courge	3.110142764592196
BSV_MARAICHAGE_2019_07_cle0cc493	céleri	3.011596348489714
BSV_MARAICHAGE_2019_07_cle0cc493	laitue	2.9022979218690756
BSV_MARAICHAGE_2019_07_cle0cc493	agrume	2.895556484578275
BSV_MARAICHAGE_2019_07_cle0cc493	chou	2.838426317832282
BSV_MARAICHAGE_2019_07_cle0cc493	épinard	2.723034246451073
BSV_MARAICHAGE_2019_07_cle0cc493	haricot	2.5784199806750445
BSV_MARAICHAGE_2019_07_cle0cc493	melon	2.453679478160036
BSV_MARAICHAGE_2019_07_cle0cc493	culture légumière	2.263728154272448
BSV_MARAICHAGE_2019_07_cle0cc493	concombre	2.1563881142730823
BSV_MARAICHAGE_2019_07_cle0cc493	châtaignier	1.99951981147196
BSV_MARAICHAGE_2019_07_cle0cc493	pêcher	1.63677610195097
BSV_MARAICHAGE_2019_07_cle0cc493	maraîchage	1.5867124658679812
BSV_MARAICHAGE_2019_07_cle0cc493	horticulture ornementale	1.538789962281031
BSV_MARAICHAGE_2019_07_cle0cc493	arboriculture fruitière	1.425762852884661
BSV_MARAICHAGE_2019_07_cle0cc493	pommier	1.3727581781490112
BSV_MARAICHAGE_2019_07_cle0cc493	oranger	1.3248655561599714
BSV_MARAICHAGE_2019_07_cle0cc493	poirier	1.2122835398103395
BSV_MARAICHAGE_2019_07_cle0cc493	arboriculture	1.043257960154017
BSV_MARAICHAGE_2019_07_cle0cc493	sylviculture	0.8627140558833869
BSV_MARAICHAGE_2019_07_cle0cc493	colza	0.8344394584103064
BSV_MARAICHAGE_2019_07_cle0cc493	champignon	0.26653058819819375
BSV_MARAICHAGE_Nord_NA_24_20201021_cle8b8312	ciboulette	5.398445127395072
BSV_MARAICHAGE_Nord_NA_24_20201021_cle8b8312	céleri	4.920423595310088
BSV_MARAICHAGE_Nord_NA_24_20201021_cle8b8312	carotte	4.100612945622898
BSV_MARAICHAGE_Nord_NA_24_20201021_cle8b8312	maraîchage	3.910544539215134
BSV_MARAICHAGE_Nord_NA_24_20201021_cle8b8312	poireau	3.8838721370874354
BSV_MARAICHAGE_Nord_NA_24_20201021_cle8b8312	radis	3.4246129535668075
BSV_MARAICHAGE_Nord_NA_24_20201021_cle8b8312	chou	3.1832298622710233
BSV_MARAICHAGE_Nord_NA_24_20201021_cle8b8312	salade	3.1803488844489567
BSV_MARAICHAGE_Nord_NA_24_20201021_cle8b8312	châtaignier	2.921558526204574
BSV_MARAICHAGE_Nord_NA_24_20201021_cle8b8312	culture légumière	2.7597983354934423
BSV_MARAICHAGE_Nord_NA_24_20201021_cle8b8312	oranger	2.7597983354934423
BSV_MARAICHAGE_Nord_NA_24_20201021_cle8b8312	tomate	2.4681774713783806
BSV_MARAICHAGE_Nord_NA_24_20201021_cle8b8312	jardin	2.4681774713783806
BSV_NA_CHATAIGNIER_GSO_09_20190919_cle868eba	châtaignier	5.162947214583475
BSV_NA_CULTURES_LEGUMIERES-Nord_NA__20_20170830_cle02661b	chou-navet à chair jaune	6.854492430236392
BSV_NA_CULTURES_LEGUMIERES-Nord_NA__20_20170830_cle02661b	melon	5.452778307388752
BSV_NA_CULTURES_LEGUMIERES-Nord_NA__20_20170830_cle02661b	céleri	5.052404916847194
BSV_NA_CULTURES_LEGUMIERES-Nord_NA__20_20170830_cle02661b	ciboulette	4.396199502139326
BSV_NA_CULTURES_LEGUMIERES-Nord_NA__20_20170830_cle02661b	carotte	4.2028825984920495
BSV_NA_CULTURES_LEGUMIERES-Nord_NA__20_20170830_cle02661b	radis	4.199351015371156
BSV_NA_CULTURES_LEGUMIERES-Nord_NA__20_20170830_cle02661b	maraîchage	3.8896791035402147
BSV_NA_CULTURES_LEGUMIERES-Nord_NA__20_20170830_cle02661b	tomate	3.856938661940616
BSV_NA_CULTURES_LEGUMIERES-Nord_NA__20_20170830_cle02661b	poireau	3.526129386889683
BSV_NA_CULTURES_LEGUMIERES-Nord_NA__20_20170830_cle02661b	betterave	2.524477346827343
BSV_NA_CULTURES_LEGUMIERES-Nord_NA__20_20170830_cle02661b	culture légumière	1.7942731064619932
BSV_NA_CULTURES_LEGUMIERES-Nord_NA__20_20170830_cle02661b	champignon	0.6207232962864594
BSV_NA_CULTURES__LEGUMIERES-Nord_Nouvelle_Aquitaine_n_28_cle424df5	ciboulette	5.568179890068293
BSV_NA_CULTURES__LEGUMIERES-Nord_Nouvelle_Aquitaine_n_28_cle424df5	céleri	5.229943546256573
BSV_NA_CULTURES__LEGUMIERES-Nord_Nouvelle_Aquitaine_n_28_cle424df5	melon	5.19794756397109
BSV_NA_CULTURES__LEGUMIERES-Nord_Nouvelle_Aquitaine_n_28_cle424df5	carotte	4.257983979709524
BSV_NA_CULTURES__LEGUMIERES-Nord_Nouvelle_Aquitaine_n_28_cle424df5	maraîchage	3.876893843106451
BSV_NA_CULTURES__LEGUMIERES-Nord_Nouvelle_Aquitaine_n_28_cle424df5	poireau	3.733726109068848
BSV_NA_CULTURES__LEGUMIERES-Nord_Nouvelle_Aquitaine_n_28_cle424df5	tomate	2.983399336278323
BSV_NA_CULTURES__LEGUMIERES-Nord_Nouvelle_Aquitaine_n_28_cle424df5	champignon	0.5646263230303721
BSV_NA_GC_AQUITAINE_N09_20190404_cle0279a3	triticale	5.082995655103563
BSV_NA_GC_AQUITAINE_N09_20190404_cle0279a3	blé dur	4.460425843807688
BSV_NA_GC_AQUITAINE_N09_20190404_cle0279a3	blé tendre	3.937833013146054
BSV_NA_GC_AQUITAINE_N09_20190404_cle0279a3	céréale à paille	3.7965795682482013
BSV_NA_GC_AQUITAINE_N09_20190404_cle0279a3	orge	3.467022333423869
BSV_NA_GC_AQUITAINE_N09_20190404_cle0279a3	prairie	3.361387760945311
BSV_NA_GC_AQUITAINE_N09_20190404_cle0279a3	soja	3.361387760945311
BSV_NA_GC_AQUITAINE_N09_20190404_cle0279a3	blé tendre d'hiver	3.220378383259465
BSV_NA_GC_AQUITAINE_N09_20190404_cle0279a3	oléagineux	3.0925941354478477
BSV_NA_GC_AQUITAINE_N09_20190404_cle0279a3	blé	2.85054108144136
BSV_NA_GC_AQUITAINE_N09_20190404_cle0279a3	tournesol	2.50166249916295
BSV_NA_GC_AQUITAINE_N09_20190404_cle0279a3	céréale	2.421636318980329
BSV_NA_GC_AQUITAINE_N09_20190404_cle0279a3	colza	2.082450439312722
BSV_NA_GC_AQUITAINE_N09_20190404_cle0279a3	maïs	1.9000621558417221
BSV_NA_GC_AQUITAINE_N09_20190404_cle0279a3	champignon	0.3822460940696943
BSV_NA_GC_Aquitaine_N5_20180322_cle4a4445	blé dur	4.9661749158614725
BSV_NA_GC_Aquitaine_N5_20180322_cle4a4445	triticale	4.472405564468791
BSV_NA_GC_Aquitaine_N5_20180322_cle4a4445	blé tendre	3.9126530668366413
BSV_NA_GC_Aquitaine_N5_20180322_cle4a4445	céréale à paille	3.9037439311773983
BSV_NA_GC_Aquitaine_N5_20180322_cle4a4445	prairie	3.742521491320212
BSV_NA_GC_Aquitaine_N5_20180322_cle4a4445	oléagineux	3.443250478364769
BSV_NA_GC_Aquitaine_N5_20180322_cle4a4445	orge	2.885137879505857
BSV_NA_GC_Aquitaine_N5_20180322_cle4a4445	blé	2.7242032656374597
BSV_NA_GC_Aquitaine_N5_20180322_cle4a4445	céréale	2.592520877728334
BSV_NA_GC_Aquitaine_N5_20180322_cle4a4445	colza	2.1441115260119448
BSV_NA_GC_Aquitaine_N5_20180322_cle4a4445	maïs	2.115502274299366
BSV_NA_GC_Aquitaine_N5_20180322_cle4a4445	chou	2.115502274299366
BSV_NA_KIWI_15_20190613_cle86b7d5	ronce	6.82462768174434
BSV_NA_KIWI_15_20190613_cle86b7d5	actinidia	6.527979470457771
BSV_NA_KIWI_15_20190613_cle86b7d5	ortie	6.251111148656094
BSV_NA_KIWI_15_20190613_cle86b7d5	mûrier	5.890692075624636
BSV_NA_KIWI_9_20200409_cle0a82f1	actinidia	6.486877039204014
BSV_NA_KIWI_9_20200409_cle0a82f1	mûrier	5.904696692743506
BSV_NA_KIWI_9_20200409_cle0a82f1	sylviculture	1.7412452893235673
BSV_NA_PETITS_FRUITS_05_20190313-1_cle8c1a16	framboisier	6.395424350161548
BSV_NA_PETITS_FRUITS_05_20190313-1_cle8c1a16	petit fruit	6.2280238907435
BSV_NA_PETITS_FRUITS_05_20190313-1_cle8c1a16	géranium	5.218719775039805
BSV_NA_PETITS_FRUITS_05_20190313-1_cle8c1a16	fraisier	4.6688038702683405
BSV_NA_PETITS_FRUITS_05_20190313-1_cle8c1a16	rosier	4.647138266227406
BSV_NA_PETITS_FRUITS_05_20190313-1_cle8c1a16	mâche	4.647138266227406
BSV_NA_PETITS_FRUITS_05_20190313-1_cle8c1a16	melon	4.422315945996174
BSV_NA_PETITS_FRUITS_05_20190313-1_cle8c1a16	rosier ornemental	3.864966995177828
BSV_NA_PETITS_FRUITS_05_20190313-1_cle8c1a16	olivier	3.7394903672307733
BSV_NA_PETITS_FRUITS_05_20190313-1_cle8c1a16	pomme de terre	3.0146266292246713
BSV_NA_PETITS_FRUITS_05_20190313-1_cle8c1a16	oranger	2.387831877577122
BSV_NA_PETITS_FRUITS_05_20190313-1_cle8c1a16	pommier	1.2267751360392394
BSV_NA_POMMIER_NORD_18_20170719_cle4a8443	jardin	2.919956927781422
BSV_NA_POMMIER_NORD_18_20170719_cle4a8443	arboriculture fruitière	2.132685999151977
BSV_NA_POMMIER_NORD_18_20170719_cle4a8443	sylviculture	1.8040907773778505
BSV_NA_POMMIER_NORD_18_20170719_cle4a8443	pommier	1.4653818551324336
BSV_NA_POMMIER_NORD_18_20170719_cle4a8443	champignon	0.6555947555215218
BSV_NA_POMMIER_POIRIER_LIMOUSIN_01_20200124_cle837b7a	feuillu	6.560843182027776
BSV_NA_POMMIER_POIRIER_LIMOUSIN_01_20200124_cle837b7a	poirier	3.109159032417848
BSV_NA_POMMIER_POIRIER_LIMOUSIN_01_20200124_cle837b7a	sylviculture	2.072084065153154
BSV_NA_POMMIER_POIRIER_LIMOUSIN_01_20200124_cle837b7a	arboriculture fruitière	1.9589308351895878
BSV_NA_POMMIER_POIRIER_LIMOUSIN_01_20200124_cle837b7a	pommier	1.4406850806802884
BSV_NA_POMMIER_POIRIER_LIMOUSIN_01_20200124_cle837b7a	champignon	0.5622460204367045
BSV_NA_POMMIER_POIRIER_Sud_18_20180726_cle8d7184	ronce	5.145446104736844
BSV_NA_POMMIER_POIRIER_Sud_18_20180726_cle8d7184	ortie	4.71304179657584
BSV_NA_POMMIER_POIRIER_Sud_18_20180726_cle8d7184	petit fruit	3.7182518010503496
BSV_NA_POMMIER_POIRIER_Sud_18_20180726_cle8d7184	poirier	3.0650896812574464
BSV_NA_POMMIER_POIRIER_Sud_18_20180726_cle8d7184	châtaignier	3.0300282520260606
BSV_NA_POMMIER_POIRIER_Sud_18_20180726_cle8d7184	arboriculture fruitière	2.03908623309051
BSV_NA_POMMIER_POIRIER_Sud_18_20180726_cle8d7184	pommier	1.4683467332426832
BSV_NA_POMMIER_POIRIER_Sud_18_20180726_cle8d7184	sylviculture	1.3073378656960157
BSV_NA_POMMIER_POIRIER_Sud_18_20180726_cle8d7184	champignon	0.5648126478537239
BSV_NA_POMMIER_POIRIER_Sud_8_20190404_cle0177e8	poirier	3.0887520249606073
BSV_NA_POMMIER_POIRIER_Sud_8_20190404_cle0177e8	châtaignier	2.921558526204574
BSV_NA_POMMIER_POIRIER_Sud_8_20190404_cle0177e8	arboriculture fruitière	1.9452023192023258
BSV_NA_POMMIER_POIRIER_Sud_8_20190404_cle0177e8	pommier	1.4754012457718804
BSV_NA_POMMIER_POIRIER_Sud_8_20190404_cle0177e8	champignon	0.5018042298204939
BSV_NA_VIGNE_CHARENTE_03_20170419_cle86a6e5	vigne de cuve	4.328964557422634
BSV_NA_VIGNE_CHARENTE_03_20170419_cle86a6e5	arbuste  à baies	4.15801427182527
BSV_NA_VIGNE_CHARENTE_03_20170419_cle86a6e5	vigne	3.74038263734156
BSV_NA_VIGNE_CHARENTE_03_20170419_cle86a6e5	sylviculture	1.6631828566590061
BSV_NA_VIGNE_CHARENTE_03_20170419_cle86a6e5	champignon	0.6452061422596932
BSV_NA_VIGNE_Limousin_06_20180515_cle841333	vigne de cuve	4.3855781450045
BSV_NA_VIGNE_Limousin_06_20180515_cle841333	vigne	3.713484195474746
BSV_NA_VIGNE_Limousin_06_20180515_cle841333	arbuste  à baies	3.6405809264617752
BSV_NA_VIGNE_Limousin_06_20180515_cle841333	sylviculture	1.6849337273513227
BSV_NA_VIGNE_Limousin_06_20180515_cle841333	champignon	0.6659231949210881
BSV_NA_VIGNE_Limousin_18_20180807_cle8eb5f7	arbuste  à baies	4.5906335820084045
BSV_NA_VIGNE_Limousin_18_20180807_cle8eb5f7	vigne de cuve	4.328964557422634
BSV_NA_VIGNE_Limousin_18_20180807_cle8eb5f7	vigne	3.7076982055816843
BSV_NA_VIGNE_Limousin_18_20180807_cle8eb5f7	rosier ornemental	3.474912035242189
BSV_NA_VIGNE_Limousin_18_20180807_cle8eb5f7	sylviculture	1.9244122372018118
BSV_NA_VIGNE_Limousin_18_20180807_cle8eb5f7	champignon	0.6273830222341306
BSV_NA_VIGNE_Sud_Aquitaine_17_20190716_cle841a78	arbuste  à baies	4.370646710854674
BSV_NA_VIGNE_Sud_Aquitaine_17_20190716_cle841a78	vigne de cuve	4.28777310162795
BSV_NA_VIGNE_Sud_Aquitaine_17_20190716_cle841a78	vigne	3.757012567586305
BSV_NA_VIGNE_Sud_Aquitaine_17_20190716_cle841a78	champignon	0.591250133184202
BSV_Olivier_20200902_N13_cle8395b6	olivier fruit à noyaux	8.73576820861058
BSV_Olivier_20200902_N13_cle8395b6	olivier	3.9214571309064783
BSV_Olivier_20200902_N13_cle8395b6	arboriculture fruitière	2.123212151978465
BSV_Olivier_20200902_N13_cle8395b6	champignon	0.5877309885695877
BSV_Ornement_Normandie_n-09-2017_cle03389c	noisetier	6.6041450105521955
BSV_Ornement_Normandie_n-09-2017_cle03389c	tilleul	5.296239753445727
BSV_Ornement_Normandie_n-09-2017_cle03389c	chêne	4.558659443995795
BSV_Ornement_Normandie_n-09-2017_cle03389c	horticulture ornementale	3.635167213162976
BSV_Ornement_Normandie_n-09-2017_cle03389c	cerisier	3.2855042867363906
BSV_Ornement_Normandie_n-09-2017_cle03389c	culture légumière	2.970443402900419
BSV_Ornement_Normandie_n-09-2017_cle03389c	poirier	2.8638433346960386
BSV_Ornement_Normandie_n-09-2017_cle03389c	oranger	2.57683341135001
BSV_Ornement_Normandie_n-09-2017_cle03389c	pommier	1.351558701378853
BSV_Ornement_Normandie_n-09-2017_cle03389c	champignon	0.6578746677307115
BSV_PETITS_FRUITS_NA_01_20200114_cle04ef97	petit fruit	6.164942261980356
BSV_PETITS_FRUITS_NA_01_20200114_cle04ef97	géranium	5.582197105513906
BSV_PETITS_FRUITS_NA_01_20200114_cle04ef97	framboisier	4.970805656730185
BSV_PETITS_FRUITS_NA_01_20200114_cle04ef97	rosier	4.970805656730185
BSV_PETITS_FRUITS_NA_01_20200114_cle04ef97	melon	4.730324741994706
BSV_PETITS_FRUITS_NA_01_20200114_cle04ef97	fraisier	4.67088652081833
BSV_PETITS_FRUITS_NA_01_20200114_cle04ef97	rosier ornemental	4.02070236417243
BSV_PETITS_FRUITS_NA_01_20200114_cle04ef97	olivier	3.9999412123816405
BSV_PETITS_FRUITS_NA_01_20200114_cle04ef97	pomme de terre	3.136098297952765
BSV_PETITS_FRUITS_NA_01_20200114_cle04ef97	oranger	2.554141392917227
BSV_PETITS_FRUITS_NA_01_20200114_cle04ef97	pommier	1.276206936808261
BSV_Presentation_du_reseau_2018_cle4a84c9	noyer	7.6147113747109785
BSV_Presentation_du_reseau_2018_cle4a84c9	actinidia	5.31833628776282
BSV_Presentation_du_reseau_2018_cle4a84c9	abricotier	4.1465030830485174
BSV_Presentation_du_reseau_2018_cle4a84c9	cerisier	3.7607380539434456
BSV_Presentation_du_reseau_2018_cle4a84c9	olivier	3.506264257485064
BSV_Presentation_du_reseau_2018_cle4a84c9	pêcher	3.376069764891375
BSV_Presentation_du_reseau_2018_cle4a84c9	poirier	2.500497044373254
BSV_Presentation_du_reseau_2018_cle4a84c9	arboriculture	2.322615323848283
BSV_Presentation_du_reseau_2018_cle4a84c9	arboriculture fruitière	2.1087200917719136
BSV_Presentation_du_reseau_2018_cle4a84c9	sylviculture	1.457911077771355
BSV_Presentation_du_reseau_2018_cle4a84c9	pommier	1.4007575974620885
BSV_Presentation_du_reseau_2018_cle4a84c9	champignon	0.593379635782535
BSV_RA_ARBO_no19du19062018_cle4af8d5-1	abricotier	4.795266136011202
BSV_RA_ARBO_no19du19062018_cle4af8d5-1	noyer	3.5357026103042655
BSV_RA_ARBO_no19du19062018_cle4af8d5-1	arbre fruitier à noyau	3.4942552959355173
BSV_RA_ARBO_no19du19062018_cle4af8d5-1	pêcher	3.3445381625381567
BSV_RA_ARBO_no19du19062018_cle4af8d5-1	gel	3.2917545578166534
BSV_RA_ARBO_no19du19062018_cle4af8d5-1	cerisier	3.0146289912111115
BSV_RA_ARBO_no19du19062018_cle4af8d5-1	poirier	2.5072079865213306
BSV_RA_ARBO_no19du19062018_cle4af8d5-1	céréale à paille	2.1003458072394214
BSV_RA_ARBO_no19du19062018_cle4af8d5-1	arboriculture fruitière	1.9750629393536236
BSV_RA_ARBO_no19du19062018_cle4af8d5-1	actinidia	1.8665386915060493
BSV_RA_ARBO_no19du19062018_cle4af8d5-1	sylviculture	1.762843482270305
BSV_RA_ARBO_no19du19062018_cle4af8d5-1	prunier	1.6662176192672957
BSV_RA_ARBO_no19du19062018_cle4af8d5-1	tournesol	1.6662176192672957
BSV_RA_ARBO_no19du19062018_cle4af8d5-1	horticulture ornementale	1.4698680418152583
BSV_RA_ARBO_no19du19062018_cle4af8d5-1	châtaignier	1.4474682637109368
BSV_RA_ARBO_no19du19062018_cle4af8d5-1	zone non agricole	1.2627461663224389
BSV_RA_ARBO_no19du19062018_cle4af8d5-1	jardin	1.22284339915919
BSV_RA_ARBO_no19du19062018_cle4af8d5-1	pommier	1.1690598495943068
BSV_RA_ARBO_no19du19062018_cle4af8d5-1	arboriculture	0.9965307628642496
BSV_RA_ARBO_no19du19062018_cle4af8d5-1	olivier	0.8699839489678906
BSV_RA_ARBO_no19du19062018_cle4af8d5-1	oranger	0.5555236682864697
BSV_RA_ARBO_no19du19062018_cle4af8d5-1	céréale	0.46478603699745974
BSV_RA_ARBO_no19du19062018_cle4af8d5-1	champignon	0.37413650725398284
BSV_Tomate_d_industrie_no3_cle4bdce9-2	oranger	2.696622814518949
BSV_ZNA-PO_20190527_N2_cle048919	palmier	7.433243779654536
BSV_ZNA-PO_20190527_N2_cle048919	agrume	6.920382392945224
BSV_ZNA-PO_20190527_N2_cle048919	pâturin	6.160391997335072
BSV_ZNA-PO_20190527_N2_cle048919	laurier	6.045329194784433
BSV_ZNA-PO_20190527_N2_cle048919	rosier	5.618299758072471
BSV_ZNA-PO_20190527_N2_cle048919	hibiscus	5.467574083042419
BSV_ZNA-PO_20190527_N2_cle048919	rosier ornemental	4.226072919892803
BSV_ZNA-PO_20190527_N2_cle048919	pin	3.7741158302221964
BSV_ZNA-PO_20190527_N2_cle048919	horticulture ornementale	3.729306310894409
BSV_ZNA-PO_20190527_N2_cle048919	olivier	3.340973966510342
BSV_ZNA-PO_20190527_N2_cle048919	châtaignier	3.219721595453637
BSV_ZNA-PO_20190527_N2_cle048919	zone non agricole	2.808829183488458
BSV_ZNA-PO_20190527_N2_cle048919	jardin	2.7200702072988925
BSV_ZNA-PO_20190527_N2_cle048919	arboriculture fruitière	1.9021981027422261
BSV_ZNA-PO_20190527_N2_cle048919	sylviculture	1.7273109838488307
BSV_ZNA-PO_20190527_N2_cle048919	champignon	0.6249040723442463
BSV_ZNA_2018_N09_cle4f1dfc	conifère	6.202577677005038
BSV_ZNA_2018_N09_cle4f1dfc	pin	5.821753712323151
BSV_ZNA_2018_N09_cle4f1dfc	zone non agricole	4.332753010734388
BSV_ZNA_2018_N09_cle4f1dfc	céréale à paille	3.722844345228505
BSV_ZNA_2018_N09_cle4f1dfc	vigne	2.8888712359751967
BSV_ZNA_n_04_du_29_avril_2011_cle8fd486	palmier	7.881642141062472
BSV_ZNA_n_04_du_29_avril_2011_cle8fd486	pin	5.269813864163979
BSV_ZNA_n_04_du_29_avril_2011_cle8fd486	châtaignier	4.8611735199925095
BSV_ZNA_n_04_du_29_avril_2011_cle8fd486	zone non agricole	4.434930415373096
BSV_ZNA_n_04_du_29_avril_2011_cle8fd486	jardin	4.106793979613917
BSV_ZNA_n_04_du_29_avril_2011_cle8fd486	horticulture ornementale	2.6599182255131506
BSV_ZNA_n_05_du_31_mai_2013_cle0dcf4b	tilleul	6.1027518331642545
BSV_ZNA_n_05_du_31_mai_2013_cle0dcf4b	rosier	6.008619925935012
BSV_ZNA_n_05_du_31_mai_2013_cle0dcf4b	feuillu	5.33638229069012
BSV_ZNA_n_05_du_31_mai_2013_cle0dcf4b	pin	5.252852698089618
BSV_ZNA_n_05_du_31_mai_2013_cle0dcf4b	zone non agricole	4.44390800730705
BSV_ZNA_n_05_du_31_mai_2013_cle0dcf4b	jardin	4.2161323147509
BSV_ZNA_n_05_du_31_mai_2013_cle0dcf4b	chêne	4.021510669111005
BSV_ZNA_n_05_du_31_mai_2013_cle0dcf4b	arboriculture fruitière	1.870111233861628
BSV_ZNA_n_05_du_31_mai_2013_cle0dcf4b	champignon	0.6211094449786142
BSV_ZNA_n_13_du_21_septembre_2012_cle82a3a6	rosier	6.360794411304001
BSV_ZNA_n_13_du_21_septembre_2012_cle82a3a6	tilleul	5.744238133904181
BSV_ZNA_n_13_du_21_septembre_2012_cle82a3a6	zone non agricole	4.411925235588888
BSV_ZNA_n_13_du_21_septembre_2012_cle82a3a6	jardin	4.120660963611769
BSV_ZNA_n_13_du_21_septembre_2012_cle82a3a6	pin	4.110470804986651
BSV_ZNA_n_13_du_21_septembre_2012_cle82a3a6	chêne	4.110470804986651
BSV_ZNA_n_13_du_21_septembre_2012_cle82a3a6	arboriculture fruitière	1.8879009003258431
BSV_ZNA_n_13_du_21_septembre_2012_cle82a3a6	champignon	0.6631317177028917
BSV_arbo_27_cle4dff21	châtaignier	3.8890206126206266
BSV_arbo_27_cle4dff21	poirier	3.0261927300869704
BSV_arbo_27_cle4dff21	arboriculture	2.6255211760113837
BSV_arbo_27_cle4dff21	arboriculture fruitière	2.025575828165009
BSV_arbo_27_cle4dff21	pommier	1.351558701378853
BSV_arboriculture_25_du_23_05_19_cle077bda	cerisier	3.7584216153515486
BSV_arboriculture_25_du_23_05_19_cle077bda	mûrier	3.5046985602802025
BSV_arboriculture_25_du_23_05_19_cle077bda	poirier	2.855394296578048
BSV_arboriculture_25_du_23_05_19_cle077bda	arboriculture	2.4318141083758356
BSV_arboriculture_25_du_23_05_19_cle077bda	mauve	2.3395585239456187
BSV_arboriculture_25_du_23_05_19_cle077bda	arboriculture fruitière	2.0111682865485854
BSV_arboriculture_25_du_23_05_19_cle077bda	pêcher	1.7895852215712504
BSV_arboriculture_25_du_23_05_19_cle077bda	framboisier	1.7765830088592538
BSV_arboriculture_25_du_23_05_19_cle077bda	jardins familiaux	1.614932825206665
BSV_arboriculture_25_du_23_05_19_cle077bda	pommier	1.3905644169367033
BSV_arboriculture_25_du_23_05_19_cle077bda	fraisier	1.3294736285515907
BSV_arboriculture_25_du_23_05_19_cle077bda	sylviculture	1.1726377906815697
BSV_arboriculture_25_du_23_05_19_cle077bda	oranger	0.9128589034127986
BSV_arboriculture_25_du_23_05_19_cle077bda	champignon	0.36227975881737084
BSV_arboriculture_31_du_20_06_19_cle016821	cassissier	5.4658730487017575
BSV_arboriculture_31_du_20_06_19_cle016821	cerisier	3.718001092236078
BSV_arboriculture_31_du_20_06_19_cle016821	poirier	2.9378924378906284
BSV_arboriculture_31_du_20_06_19_cle016821	arboriculture	2.4818242882018584
BSV_arboriculture_31_du_20_06_19_cle016821	framboisier	2.257054749532204
BSV_arboriculture_31_du_20_06_19_cle016821	bananier plantain	2.1478614661374547
BSV_arboriculture_31_du_20_06_19_cle016821	jardins familiaux	2.0516867408568866
BSV_arboriculture_31_du_20_06_19_cle016821	arboriculture fruitière	2.0222112189403516
BSV_arboriculture_31_du_20_06_19_cle016821	fraisier	1.689025929403057
BSV_arboriculture_31_du_20_06_19_cle016821	pêcher	1.4327740641623699
BSV_arboriculture_31_du_20_06_19_cle016821	pommier	1.4047046755684003
BSV_arboriculture_31_du_20_06_19_cle016821	oranger	1.1597389558079723
BSV_arboriculture_31_du_20_06_19_cle016821	sylviculture	1.1349485309064087
BSV_arboriculture_31_du_20_06_19_cle016821	champignon	0.35063587692148346
BSV_bilan_ble_campagne_2014_2015_cle037c1e	blé tendre	4.611935005512908
BSV_bilan_ble_campagne_2014_2015_cle037c1e	blé tendre d'hiver	4.5421401535409895
BSV_bilan_ble_campagne_2014_2015_cle037c1e	blé	2.9364279233511144
BSV_bilan_ble_campagne_2014_2015_cle037c1e	céréale	2.5416084824861094
BSV_bilan_ble_campagne_2014_2015_cle037c1e	oranger	2.1688931797605244
BSV_bilan_ble_campagne_2014_2015_cle037c1e	colza	1.6878912396340355
BSV_bilan_cereales_Normandie_R2015_V2_cle0e2acd	maïs fourrage	6.098412250368312
BSV_bilan_cereales_Normandie_R2015_V2_cle0e2acd	culture fourragère	6.098412250368312
BSV_bilan_cereales_Normandie_R2015_V2_cle0e2acd	blé tendre d'hiver	4.402986546801464
BSV_bilan_cereales_Normandie_R2015_V2_cle0e2acd	blé tendre	4.386520886553001
BSV_bilan_cereales_Normandie_R2015_V2_cle0e2acd	orge d'hiver	4.346341146366849
BSV_bilan_cereales_Normandie_R2015_V2_cle0e2acd	orge	3.433237171152807
BSV_bilan_cereales_Normandie_R2015_V2_cle0e2acd	blé	2.825106159736369
BSV_bilan_cereales_Normandie_R2015_V2_cle0e2acd	oranger	2.5978152610098575
BSV_bilan_cereales_Normandie_R2015_V2_cle0e2acd	maïs	2.5978152610098575
BSV_ge_legumes_no11_du_01-07-20_cle497eed	Chou cabus blanc	6.046779102377473
BSV_ge_legumes_no11_du_01-07-20_cle497eed	asperge	4.167732959234125
BSV_ge_legumes_no11_du_01-07-20_cle497eed	chou de Milan	4.118862739248732
BSV_ge_legumes_no11_du_01-07-20_cle497eed	aubergine	3.7554727215979264
BSV_ge_legumes_no11_du_01-07-20_cle497eed	laitue	3.735319501524508
BSV_ge_legumes_no11_du_01-07-20_cle497eed	carotte	3.460981830957156
BSV_ge_legumes_no11_du_01-07-20_cle497eed	chou	3.2926229324308354
BSV_ge_legumes_no11_du_01-07-20_cle497eed	culture légumière	3.0956720878298496
BSV_ge_legumes_no11_du_01-07-20_cle497eed	céleri	2.7843001208783598
BSV_ge_legumes_no11_du_01-07-20_cle497eed	pomme de terre	2.7266233402394984
BSV_ge_legumes_no11_du_01-07-20_cle497eed	chou chinois	2.585342004213442
BSV_ge_legumes_no11_du_01-07-20_cle497eed	chou frisé	2.585342004213442
BSV_ge_legumes_no11_du_01-07-20_cle497eed	chou cabus rouge	2.585342004213442
BSV_ge_legumes_no11_du_01-07-20_cle497eed	chou pommé	2.2945859523473935
BSV_ge_legumes_no11_du_01-07-20_cle497eed	chou de Bruxelles	2.2945859523473935
BSV_ge_legumes_no11_du_01-07-20_cle497eed	poivron	2.2337885623857012
BSV_ge_legumes_no11_du_01-07-20_cle497eed	tomate	1.8186498245291132
BSV_ge_legumes_no11_du_01-07-20_cle497eed	laitue batavia	1.7424323322472548
BSV_ge_legumes_no11_du_01-07-20_cle497eed	courgette	1.7424323322472548
BSV_ge_legumes_no11_du_01-07-20_cle497eed	radis	1.5838894974315405
BSV_ge_legumes_no11_du_01-07-20_cle497eed	concombre	1.4572336544643936
BSV_ge_legumes_no11_du_01-07-20_cle497eed	pommier	1.1095747933502338
BSV_ge_legumes_no11_du_01-07-20_cle497eed	colza	0.8983724246269451
BSV_ge_legumes_no11_du_01-07-20_cle497eed	blé	0.7718798890903108
BSV_ge_legumes_no11_du_01-07-20_cle497eed	champignon	0.3576700878822934
BSV_legumes_03_cle872d86	persil	5.139808682676683
BSV_legumes_03_cle872d86	radis	4.757123850673204
BSV_legumes_03_cle872d86	oignon	4.616068436069811
BSV_legumes_03_cle872d86	pomme de terre potagère	4.345471381100873
BSV_legumes_03_cle872d86	laitue batavia	4.114693103505701
BSV_legumes_03_cle872d86	laitue	3.893380140656606
BSV_legumes_03_cle872d86	navet	3.8555385534118134
BSV_legumes_03_cle872d86	céleri	3.8159675921840566
BSV_legumes_03_cle872d86	laitue à couper	3.0205276166287023
BSV_legumes_03_cle872d86	culture légumière de plein champ	3.0205276166287023
BSV_legumes_03_cle872d86	carotte	2.99269320153336
BSV_legumes_03_cle872d86	ciboulette	2.8029649445626723
BSV_legumes_03_cle872d86	culture légumière	2.7752424672992086
BSV_legumes_03_cle872d86	chêne	2.677456671443383
BSV_legumes_03_cle872d86	pois	2.6119993597464224
BSV_legumes_03_cle872d86	salade	2.249264421068474
BSV_legumes_03_cle872d86	pomme de terre	2.243583417801476
BSV_legumes_03_cle872d86	échalote	2.182722745907838
BSV_legumes_03_cle872d86	chou	2.114246402006421
BSV_legumes_03_cle872d86	maraîchage	1.8125836966544777
BSV_legumes_03_cle872d86	ail	1.5481057829045726
BSV_legumes_03_cle872d86	poireau	1.4114938080921045
BSV_legumes_03_cle872d86	pommier	0.9678939253096964
BSV_legumes_03_cle872d86	horticulture ornementale	0.8227121978004626
BSV_legumes_03_cle872d86	champignon	0.14250025758716187
BSV_legumes_03_du_03-04-19_cle4b43ee	échalote	5.490143454907445
BSV_legumes_03_du_03-04-19_cle4b43ee	oignon	5.045505042962885
BSV_legumes_03_du_03-04-19_cle4b43ee	ciboulette	4.755546795447998
BSV_legumes_03_du_03-04-19_cle4b43ee	fraisier	4.45494758560672
BSV_legumes_03_du_03-04-19_cle4b43ee	pois	3.861121420908421
BSV_legumes_03_du_03-04-19_cle4b43ee	carotte	3.779665500595116
BSV_legumes_03_du_03-04-19_cle4b43ee	lin	3.2970489699580106
BSV_legumes_03_du_03-04-19_cle4b43ee	salade	3.273935609670417
BSV_legumes_03_du_03-04-19_cle4b43ee	chou	3.26722157442676
BSV_legumes_03_du_03-04-19_cle4b43ee	maraîchage	3.075253083998658
BSV_legumes_03_du_03-04-19_cle4b43ee	poireau	3.075253083998658
BSV_legumes_03_du_03-04-19_cle4b43ee	culture légumière	2.567760054267792
BSV_legumes_03_du_03-04-19_cle4b43ee	céréale	1.6948090849085944
BSV_legumes_05_cle827cb7-1	oignon	4.373267478705189
BSV_legumes_05_cle827cb7-1	persil	3.5294860483595825
BSV_legumes_05_cle827cb7-1	pomme de terre potagère	3.2563611665856436
BSV_legumes_05_cle827cb7-1	radis	3.113099128290934
BSV_legumes_05_cle827cb7-1	cerfeuil	2.8227835264921928
BSV_legumes_05_cle827cb7-1	carotte	2.657269884673399
BSV_legumes_05_cle827cb7-1	poireau	2.557011170380525
BSV_legumes_05_cle827cb7-1	échalote	2.536962508259512
BSV_legumes_05_cle827cb7-1	laitue	2.529799377939377
BSV_legumes_05_cle827cb7-1	tomate	2.4298593946378757
BSV_legumes_05_cle827cb7-1	horticulture ornementale	2.3569011668653985
BSV_legumes_05_cle827cb7-1	culture légumière	2.343289468122593
BSV_legumes_05_cle827cb7-1	fraisier	2.3074236756746918
BSV_legumes_05_cle827cb7-1	asperge	2.2637507662978527
BSV_legumes_05_cle827cb7-1	pois	2.174000348766138
BSV_legumes_05_cle827cb7-1	courgette	2.143528020148131
BSV_legumes_05_cle827cb7-1	laitue batavia	2.143528020148131
BSV_legumes_05_cle827cb7-1	pomme de terre	1.867363065992426
BSV_legumes_05_cle827cb7-1	céleri	1.7248684941195898
BSV_legumes_05_cle827cb7-1	betterave potagère	1.651880276248681
BSV_legumes_05_cle827cb7-1	betterave	1.0634112881100883
BSV_legumes_05_cle827cb7-1	chou	0.9401972571341898
BSV_legumes_05_cle827cb7-1	pommier	0.7599065692280066
BSV_legumes_05_cle827cb7-1	salade	0.6921963661914312
BSV_legumes_05_cle827cb7-1	maraîchage	0.6501896382980954
BSV_legumes_05_cle827cb7-1	ciboulette	0.5449132561759705
BSV_legumes_05_cle827cb7-1	concombre	0.4788907758273497
BSV_legumes_05_cle827cb7-1	lin	0.4788907758273497
BSV_legumes_05_cle827cb7-1	châtaignier	0.44405345561865756
BSV_legumes_05_cle827cb7-1	champignon	0.2501727246064022
BSV_legumes_05_cle827cb7-1	céréale	0.24616814762125105
BSV_legumes_05_cle827cb7-1	sylviculture	0.1915915789020317
BSV_legumes_12_du_22-07-20__cle0bb819	aubergine	4.950962030522616
BSV_legumes_12_du_22-07-20__cle0bb819	échalote	4.808212198171938
BSV_legumes_12_du_22-07-20__cle0bb819	betterave potagère	4.505069407854022
BSV_legumes_12_du_22-07-20__cle0bb819	concombre	4.45695340809052
BSV_legumes_12_du_22-07-20__cle0bb819	oignon	4.408525274890683
BSV_legumes_12_du_22-07-20__cle0bb819	haricot	4.371953469318659
BSV_legumes_12_du_22-07-20__cle0bb819	haricot demi-sec	4.254555162953111
BSV_legumes_12_du_22-07-20__cle0bb819	courgette	4.011650623085848
BSV_legumes_12_du_22-07-20__cle0bb819	scorsonère	3.9610094209614766
BSV_legumes_12_du_22-07-20__cle0bb819	poivron	3.7421160450619975
BSV_legumes_12_du_22-07-20__cle0bb819	asperge	3.7250056634154607
BSV_legumes_12_du_22-07-20__cle0bb819	fraisier	3.4800433136078706
BSV_legumes_12_du_22-07-20__cle0bb819	betterave	3.3619519972493515
BSV_legumes_12_du_22-07-20__cle0bb819	tomate	3.0466619819429805
BSV_legumes_12_du_22-07-20__cle0bb819	carotte	2.628191157513695
BSV_legumes_12_du_22-07-20__cle0bb819	chou	2.596196766842233
BSV_legumes_12_du_22-07-20__cle0bb819	poireau	2.4686963722220647
BSV_legumes_12_du_22-07-20__cle0bb819	légume racine	2.3624564386405975
BSV_legumes_12_du_22-07-20__cle0bb819	salade	2.3107945721880245
BSV_legumes_12_du_22-07-20__cle0bb819	pois	2.2390464818636255
BSV_legumes_12_du_22-07-20__cle0bb819	poirée	2.01462297935644
BSV_legumes_12_du_22-07-20__cle0bb819	pomme de terre	1.9232346055718994
BSV_legumes_12_du_22-07-20__cle0bb819	culture légumière	1.8123649037436522
BSV_legumes_12_du_22-07-20__cle0bb819	fève	1.7939709244719833
BSV_legumes_12_du_22-07-20__cle0bb819	maraîchage	1.7482922391230327
BSV_legumes_12_du_22-07-20__cle0bb819	luzerne	1.7071810158096392
BSV_legumes_12_du_22-07-20__cle0bb819	petit fruit	1.7071810158096392
BSV_legumes_12_du_22-07-20__cle0bb819	maïs	1.4597806594081533
BSV_legumes_12_du_22-07-20__cle0bb819	rosier ornemental	1.254100760886099
BSV_legumes_12_du_22-07-20__cle0bb819	pêcher	1.138809332373341
BSV_legumes_12_du_22-07-20__cle0bb819	oranger	0.9217933092355034
BSV_legumes_12_du_22-07-20__cle0bb819	pommier	0.7826429886916528
BSV_legumes_12_du_22-07-20__cle0bb819	sylviculture	0.6002450896238019
BSV_legumes_12_du_22-07-20__cle0bb819	champignon	0.41468325882922763
BSV_legumes_12_du_26-06-19__cle047171	échalote	5.323737997466315
BSV_legumes_12_du_26-06-19__cle047171	aubergine	5.323737997466315
BSV_legumes_12_du_26-06-19__cle047171	concombre	4.853529730406801
BSV_legumes_12_du_26-06-19__cle047171	oignon	4.820684300710766
BSV_legumes_12_du_26-06-19__cle047171	fraisier	4.1864578609156275
BSV_legumes_12_du_26-06-19__cle047171	betterave potagère	4.078740589726938
BSV_legumes_12_du_26-06-19__cle047171	poivron	4.062713448593269
BSV_legumes_12_du_26-06-19__cle047171	tomate	3.665104383610316
BSV_legumes_12_du_26-06-19__cle047171	betterave	3.110676833536132
BSV_legumes_12_du_26-06-19__cle047171	pois	3.009328046580816
BSV_legumes_12_du_26-06-19__cle047171	salade	2.8189518632625483
BSV_legumes_12_du_26-06-19__cle047171	chou	2.7117597725732847
BSV_legumes_12_du_26-06-19__cle047171	fève	2.474630644532693
BSV_legumes_12_du_26-06-19__cle047171	légume à graines ou à gousses	2.474630644532693
BSV_legumes_12_du_26-06-19__cle047171	cerisier	2.379477202509703
BSV_legumes_12_du_26-06-19__cle047171	luzerne	2.3549113309795797
BSV_legumes_12_du_26-06-19__cle047171	maraîchage	2.235075907940384
BSV_legumes_12_du_26-06-19__cle047171	pomme de terre	1.9803979783035908
BSV_legumes_12_du_26-06-19__cle047171	culture légumière	1.8662329499083723
BSV_legumes_12_du_26-06-19__cle047171	rosier ornemental	1.7299255700779752
BSV_legumes_12_du_26-06-19__cle047171	pêcher	1.5708908286795915
BSV_legumes_12_du_26-06-19__cle047171	poireau	1.5228424079582854
BSV_legumes_12_du_26-06-19__cle047171	pommier	0.8059051080133475
BSV_legumes_12_du_26-06-19__cle047171	arboriculture fruitière	0.8008507032468767
BSV_legumes_12_du_26-06-19__cle047171	champignon	0.4447820097858866
BSV_legumes_15_cle8b2b14-1	oignon	4.084915076140754
BSV_legumes_15_cle8b2b14-1	aubergine	3.479156168799295
BSV_legumes_15_cle8b2b14-1	courgette	3.2758800348013675
BSV_legumes_15_cle8b2b14-1	concombre	3.148972296492017
BSV_legumes_15_cle8b2b14-1	asperge	2.9486216139203054
BSV_legumes_15_cle8b2b14-1	persil	2.8237834615742585
BSV_legumes_15_cle8b2b14-1	carotte	2.596049278861155
BSV_legumes_15_cle8b2b14-1	poireau	2.438505060224428
BSV_legumes_15_cle8b2b14-1	culture légumière	2.3946487679393242
BSV_legumes_15_cle8b2b14-1	poivron	2.3877785266027316
BSV_legumes_15_cle8b2b14-1	tomate	2.3183435754210016
BSV_legumes_15_cle8b2b14-1	laitue	2.30112002198371
BSV_legumes_15_cle8b2b14-1	haricot demi-sec	2.2869045938881167
BSV_legumes_15_cle8b2b14-1	échalote	2.051061692800973
BSV_legumes_15_cle8b2b14-1	pomme de terre potagère	2.00226163198015
BSV_legumes_15_cle8b2b14-1	haricot	1.8959259896070506
BSV_legumes_15_cle8b2b14-1	scorsonère	1.8035207137213212
BSV_legumes_15_cle8b2b14-1	céleri	1.7343684929995542
BSV_legumes_15_cle8b2b14-1	pomme de terre	1.6179756840065145
BSV_legumes_15_cle8b2b14-1	laitue batavia	1.6059896840512362
BSV_legumes_15_cle8b2b14-1	légume à graines ou à gousses	1.6059896840512362
BSV_legumes_15_cle8b2b14-1	pois	1.5164017671654169
BSV_legumes_15_cle8b2b14-1	betterave potagère	1.4372096103246428
BSV_legumes_15_cle8b2b14-1	betterave	1.3706370327717152
BSV_legumes_15_cle8b2b14-1	chou	1.1074718660437597
BSV_legumes_15_cle8b2b14-1	salade	0.8384469244277898
BSV_legumes_15_cle8b2b14-1	maraîchage	0.7875648141947783
BSV_legumes_15_cle8b2b14-1	échalion	0.7234288364361681
BSV_legumes_15_cle8b2b14-1	pommier	0.6584206218485391
BSV_legumes_15_cle8b2b14-1	horticulture ornementale	0.5431438003544168
BSV_legumes_15_cle8b2b14-1	épinard	0.5149121982516679
BSV_legumes_15_cle8b2b14-1	maïs	0.4676353048629874
BSV_legumes_15_cle8b2b14-1	jardins familiaux	0.44320300149959124
BSV_legumes_15_cle8b2b14-1	sylviculture	0.3045105585671207
BSV_legumes_15_cle8b2b14-1	champignon	0.19598136571138178
BSV_legumes_allium_pomme_de_terre_AURA_2020-9_cle0d26da	tabac	6.01270769877666
BSV_legumes_allium_pomme_de_terre_AURA_2020-9_cle0d26da	culture légumière de plein champ	5.80169014009042
BSV_legumes_allium_pomme_de_terre_AURA_2020-9_cle0d26da	aubergine	4.88479230616442
BSV_legumes_allium_pomme_de_terre_AURA_2020-9_cle0d26da	oignon	4.473088736366245
BSV_legumes_allium_pomme_de_terre_AURA_2020-9_cle0d26da	courgette	4.405610725295321
BSV_legumes_allium_pomme_de_terre_AURA_2020-9_cle0d26da	tomate	3.9998321359179605
BSV_legumes_allium_pomme_de_terre_AURA_2020-9_cle0d26da	ricin	3.825742530813226
BSV_legumes_allium_pomme_de_terre_AURA_2020-9_cle0d26da	chicorée	3.825742530813226
BSV_legumes_allium_pomme_de_terre_AURA_2020-9_cle0d26da	salade	3.362914122158101
BSV_legumes_allium_pomme_de_terre_AURA_2020-9_cle0d26da	carotte	3.362914122158101
BSV_legumes_allium_pomme_de_terre_AURA_2020-9_cle0d26da	pomme de terre	3.0855009412908863
BSV_legumes_allium_pomme_de_terre_AURA_2020-9_cle0d26da	poireau	2.974627481323115
BSV_legumes_allium_pomme_de_terre_AURA_2020-9_cle0d26da	chou	2.9638321973394834
BSV_legumes_allium_pomme_de_terre_AURA_2020-9_cle0d26da	navet	2.895556484578275
BSV_legumes_allium_pomme_de_terre_AURA_2020-9_cle0d26da	laitue batavia	2.5784199806750445
BSV_legumes_allium_pomme_de_terre_AURA_2020-9_cle0d26da	prairie	2.3438111493785807
BSV_legumes_allium_pomme_de_terre_AURA_2020-9_cle0d26da	jardins familiaux	2.3438111493785807
BSV_legumes_allium_pomme_de_terre_AURA_2020-9_cle0d26da	poivron	2.074820271753425
BSV_legumes_allium_pomme_de_terre_AURA_2020-9_cle0d26da	laitue	1.99951981147196
BSV_legumes_allium_pomme_de_terre_AURA_2020-9_cle0d26da	horticulture ornementale	1.538789962281031
BSV_legumes_allium_pomme_de_terre_AURA_2020-9_cle0d26da	pommier	1.2556167985469047
BSV_legumes_allium_pomme_de_terre_AURA_2020-9_cle0d26da	colza	1.2111867520267134
BSV_legumes_allium_pomme_de_terre_AURA_2020-9_cle0d26da	céréale	1.1084658432311596
BSV_legumes_allium_pomme_de_terre_AURA_2020-9_cle0d26da	sylviculture	0.8627140558833869
BSV_legumes_allium_pomme_de_terre_AURA_2020-9_cle0d26da	champignon	0.5710220426001658
BSV_maraichage_no20_du_23_Octobre_2020_cle81e1d1	menthe	7.00364628795712
BSV_maraichage_no20_du_23_Octobre_2020_cle81e1d1	piment	5.738075116624517
BSV_maraichage_no20_du_23_Octobre_2020_cle81e1d1	poirée	4.893236462754427
BSV_maraichage_no20_du_23_Octobre_2020_cle81e1d1	fraisier	4.665951797611189
BSV_maraichage_no20_du_23_Octobre_2020_cle81e1d1	poivron	4.279594489863998
BSV_maraichage_no20_du_23_Octobre_2020_cle81e1d1	tomate	4.251450351085076
BSV_maraichage_no20_du_23_Octobre_2020_cle81e1d1	salade	4.174845408611154
BSV_maraichage_no20_du_23_Octobre_2020_cle81e1d1	laitue	4.124277212848749
BSV_maraichage_no20_du_23_Octobre_2020_cle81e1d1	maraîchage	2.681404882012865
BSV_maraichage_no20_du_23_Octobre_2020_cle81e1d1	oranger	2.238906573633496
BSV_maraichage_no20_du_23_Octobre_2020_cle81e1d1	champignon	0.6635899775236047
BSV_no13_du_15-05-18_cle01162f	féverole d'hiver	6.441984771515822
BSV_no13_du_15-05-18_cle01162f	féverole	5.70172307421182
BSV_no13_du_15-05-18_cle01162f	féverole de printemps	5.626880609785757
BSV_no13_du_15-05-18_cle01162f	lin oléagineux	5.541313852676925
BSV_no13_du_15-05-18_cle01162f	lin	5.275672426437127
BSV_no13_du_15-05-18_cle01162f	oléagineux	4.634320017269231
BSV_no13_du_15-05-18_cle01162f	pois protéagineux de printemps	4.523243111729209
BSV_no13_du_15-05-18_cle01162f	triticale	4.062545890341936
BSV_no13_du_15-05-18_cle01162f	fève	4.027833847776585
BSV_no13_du_15-05-18_cle01162f	lin oléagineux d'hiver	4.027833847776585
BSV_no13_du_15-05-18_cle01162f	maïs grain	3.446471116472169
BSV_no13_du_15-05-18_cle01162f	lin oléagineux de printemps	3.446471116472169
BSV_no13_du_15-05-18_cle01162f	pois	3.215550450384748
BSV_no13_du_15-05-18_cle01162f	maïs	2.8472847380595168
BSV_no13_du_15-05-18_cle01162f	blé tendre	2.8157142483823385
BSV_no13_du_15-05-18_cle01162f	orge	2.6207384072174427
BSV_no13_du_15-05-18_cle01162f	prairie	2.5972690131020046
BSV_no13_du_15-05-18_cle01162f	blé	2.365847960239391
BSV_no13_du_15-05-18_cle01162f	céréale	2.0054400816886795
BSV_no13_du_15-05-18_cle01162f	poireau	1.7582982832871243
BSV_no13_du_15-05-18_cle01162f	colza	1.6393092330171628
BSV_no13_du_15-05-18_cle01162f	oranger	1.468135458120325
BSV_no13_du_15-05-18_cle01162f	sylviculture	0.956007264112364
BSV_no17_pommes_de_terre_cle8966e3-1	pomme de terre potagère	6.228835758475414
BSV_no17_pommes_de_terre_cle8966e3-1	pomme de terre	3.4498679085809525
BSV_no17_pommes_de_terre_cle8966e3-1	pommier	1.403892651858941
BSV_no19_du_23-06-2020_cle09c329	gel	5.63179158762246
BSV_no19_du_23-06-2020_cle09c329	céréale à paille	3.669769171263944
BSV_no19_du_23-06-2020_cle09c329	blé tendre	3.505784550042927
BSV_no19_du_23-06-2020_cle09c329	maïs	3.411360244820686
BSV_no19_du_23-06-2020_cle09c329	oranger	2.970443402900419
BSV_no19_du_23-06-2020_cle09c329	blé	2.2215801997159597
BSV_no19_du_23-06-2020_cle09c329	céréale	2.1559408853960917
BSV_no31_du_05-11-19_cle05121a	orge	2.8510927809072744
BSV_no31_du_05-11-19_cle05121a	céréale	2.7957313026284516
BSV_no31_du_05-11-19_cle05121a	maïs	2.607635363651599
BSV_no31_du_05-11-19_cle05121a	blé	2.2481356638931937
BSV_no31_du_05-11-19_cle05121a	colza	2.1170048286395673
BSV_no4_cle0e4cd5-1	betterave sucrière	7.689403219208847
BSV_no4_cle0e4cd5-1	betterave	4.781398077174481
BSV_no7_du_31-03-20_cle835128	luzerne	4.792187261430768
BSV_no7_du_31-03-20_cle835128	blé tendre d'hiver	4.3855781450045
BSV_no7_du_31-03-20_cle835128	blé tendre	4.265246802510873
BSV_no7_du_31-03-20_cle835128	pois	3.1967246151749222
BSV_no7_du_31-03-20_cle835128	blé	2.894219634116346
BSV_no7_du_31-03-20_cle835128	orge	2.8291257237956606
BSV_no7_du_31-03-20_cle835128	céréale	2.1649021157591535
BSV_no7_du_31-03-20_cle835128	colza	2.028195327564289
BSV_oleagineux_02_du_11-09-18_cle8aec1b	colza	2.0818301647639865
BSV_oleagineux_08_du_23-10-18_cle8b615d	mâche	6.0911417446603
BSV_oleagineux_08_du_23-10-18_cle8b615d	pêcher	3.669769171263944
BSV_oleagineux_08_du_23-10-18_cle8b615d	chou	3.334230560342502
BSV_oleagineux_08_du_23-10-18_cle8b615d	colza	2.1231093329880544
BSV_oleagineux_16_cle0c1a18-1	oléagineux	5.118631964202924
BSV_oleagineux_16_cle0c1a18-1	céréale à paille	3.6949251938229946
BSV_oleagineux_16_cle0c1a18-1	chou	3.227966983612224
BSV_oleagineux_16_cle0c1a18-1	céréale	2.181711735783438
BSV_oleagineux_16_cle0c1a18-1	colza	2.1170048286395673
BSV_oleagineux_22_du_31-03-20_cle831bc8	colza	2.1248398871554497
BSV_oleagineux_22_du_31-03-20_cle831bc8	champignon	0.6096784352455715
BSV_petits-fruits-2019_N05_cle41f1d8	groseillier	8.367409255188283
BSV_petits-fruits-2019_N05_cle41f1d8	gel	6.620132998119028
BSV_petits-fruits-2019_N05_cle41f1d8	framboisier	6.376996624339815
BSV_petits-fruits-2019_N05_cle41f1d8	petit fruit	5.766760418049664
BSV_petits-fruits-2019_N05_cle41f1d8	myrtille	5.513194802319385
BSV_petits-fruits-2019_N05_cle41f1d8	fraisier	4.772109605430743
BSV_petits-fruits-2019_N05_cle41f1d8	tournesol	3.815118147730094
BSV_petits-fruits-2019_N05_cle41f1d8	céréale à paille	3.5798476750144297
BSV_petits-fruits-2019_N05_cle41f1d8	zone non agricole	2.832265684893039
BSV_petits-fruits-2019_N05_cle41f1d8	pêcher	2.6576056977737412
BSV_petits-fruits-2019_N05_cle41f1d8	céréale	1.7997972583100117
BSV_petits-fruits-2019_N05_cle41f1d8	sylviculture	1.4007742340154614
BSV_petits-fruits-2019_N05_cle41f1d8	champignon	0.6538431238058994
BSV_pomme_de_terre_8_du_10_mai_2016_cle0127ee	fourrage annuel	6.251111148656094
BSV_pomme_de_terre_8_du_10_mai_2016_cle0127ee	pomme de terre	3.447562507591924
BSV_pomme_de_terre_8_du_10_mai_2016_cle0127ee	jardin	3.395192484102655
BSV_pomme_de_terre_8_du_10_mai_2016_cle0127ee	pommier	1.4238420371714953
BSV_viti_10_cle4e6966-2	vigne cultivée	5.123369093139234
BSV_viti_10_cle4e6966-2	arbuste  à baies	4.600985298990255
BSV_viti_10_cle4e6966-2	vigne de cuve	4.367424818003472
BSV_viti_10_cle4e6966-2	vigne	3.516332794395388
BSVarbo9_cle8977d6-1	prunier	4.16284112796049
BSVarbo9_cle8977d6-1	cerisier	3.878959659593299
BSVarbo9_cle8977d6-1	bananier plantain	3.6849185490141174
BSVarbo9_cle8977d6-1	rosier ornemental	2.7069532248343617
BSVarbo9_cle8977d6-1	poirier	2.6946627892518973
BSVarbo9_cle8977d6-1	arboriculture	2.607884575306153
BSVarbo9_cle8977d6-1	arboriculture fruitière	2.0763089722660553
BSVarbo9_cle8977d6-1	pommier	1.4235968325325543
BSVarbo9_cle8977d6-1	champignon	0.5624410451626483
BSVcampagnols10_cle06d1a1	prairie	4.811500004558406
BSVcampagnols10_cle06d1a1	orge d'hiver	4.281018386997866
BSVcampagnols10_cle06d1a1	zone non agricole	4.137608947678582
BSVcampagnols10_cle06d1a1	tournesol	3.5808868188242218
BSVcampagnols10_cle06d1a1	vigne cultivée	3.35283742431955
BSVcampagnols10_cle06d1a1	orge	3.2139233144673964
BSVcampagnols10_cle06d1a1	blé	2.7920256511320862
BSVcampagnols10_cle06d1a1	arboriculture	2.4746194935072445
BSVcampagnols10_cle06d1a1	colza	2.074879684155387
BSVcampagnols10_cle06d1a1	arboriculture fruitière	1.7129816363444568
BSVcampagnols10_cle06d1a1	sylviculture	1.4466173110447775
BSVcampagnols10_cle06d1a1	pommier	1.3570835541067925
BSVcampagnols3_cle8d3542	surface toujours en herbe	6.465169285624281
BSVcampagnols3_cle8d3542	zone non agricole	4.218179793044675
BSVcampagnols3_cle8d3542	orge d'hiver	3.9798803698396656
BSVcampagnols3_cle8d3542	prairie	3.960835244980558
BSVcampagnols3_cle8d3542	blé tendre d'hiver	3.794679194940736
BSVcampagnols3_cle8d3542	vigne cultivée	3.3790130849129216
BSVcampagnols3_cle8d3542	blé tendre	3.0460347340504557
BSVcampagnols3_cle8d3542	orge	2.987847552411178
BSVcampagnols3_cle8d3542	jardin	2.8546421017652586
BSVcampagnols3_cle8d3542	blé	2.8438076809833315
BSVcampagnols3_cle8d3542	horticulture ornementale	2.600420054679304
BSVcampagnols3_cle8d3542	colza	2.122375201130175
BSVcampagnols3_cle8d3542	sylviculture	1.779463199849406
BSVcampagnols3_cle8d3542	arboriculture	1.763014438804135
BSVcampagnols3_cle8d3542	arboriculture fruitière	1.4101294882696978
BSVleg_n10_2017_cle03fb85	aubergine	5.516841293143718
BSVleg_n10_2017_cle03fb85	concombre	5.037782873605692
BSVleg_n10_2017_cle03fb85	poivron	4.338823613061572
BSVleg_n10_2017_cle03fb85	radis	4.0514600083246615
BSVleg_n10_2017_cle03fb85	salade	3.9463901725176838
BSVleg_n10_2017_cle03fb85	pomme de terre	3.2845127118713426
BSVleg_n10_2017_cle03fb85	chou	3.258818870514418
BSVleg_n10_2017_cle03fb85	culture légumière	3.169444298947206
BSVleg_n10_2017_cle03fb85	carotte	2.919956927781422
BSVleg_n10_2017_cle03fb85	tomate	2.919956927781422
BSVleg_n10_2017_cle03fb85	maraîchage	2.7427560031356357
BSVleg_n10_2017_cle03fb85	blé	1.9744057315555477
BSVleg_n10_2017_cle03fb85	céréale	1.9160694903408064
BSVleg_n10_2017_cle03fb85	colza	1.4423935546231093
BSVleg_n10_2017_cle03fb85	pommier	1.3366028448985352
BSVleg_n10_2017_cle03fb85	champignon	0.4607188678006463
BSVviti12_cle89fa1e	vigne cultivée	4.803085931172982
BSVviti12_cle89fa1e	arbuste  à baies	3.780072658801995
BSVviti12_cle89fa1e	vigne	3.3261616376067225
BULLETIN_DE_SANTE_DU_VEGETAL_GC_2011-_No38-_6-12-2011_cle8d8ade	soja	5.100651995795352
BULLETIN_DE_SANTE_DU_VEGETAL_GC_2011-_No38-_6-12-2011_cle8d8ade	tournesol	4.248935687350602
BULLETIN_DE_SANTE_DU_VEGETAL_GC_2011-_No38-_6-12-2011_cle8d8ade	maïs	3.443987510449636
BULLETIN_DE_SANTE_DU_VEGETAL_GC_2013-_No10_-_30_avril_2013_cle858e15	pissenlit	6.9400122275062905
BULLETIN_DE_SANTE_DU_VEGETAL_GC_2013-_No10_-_30_avril_2013_cle858e15	gaillet	6.159515661913324
BULLETIN_DE_SANTE_DU_VEGETAL_GC_2013-_No10_-_30_avril_2013_cle858e15	triticale	4.833446125399372
BULLETIN_DE_SANTE_DU_VEGETAL_GC_2013-_No10_-_30_avril_2013_cle858e15	bananier plantain	4.451048507227222
BULLETIN_DE_SANTE_DU_VEGETAL_GC_2013-_No10_-_30_avril_2013_cle858e15	orge de printemps	4.251744048284214
BULLETIN_DE_SANTE_DU_VEGETAL_GC_2013-_No10_-_30_avril_2013_cle858e15	orge d'hiver	4.153305324503069
BULLETIN_DE_SANTE_DU_VEGETAL_GC_2013-_No10_-_30_avril_2013_cle858e15	orge	3.4388781441183487
BULLETIN_DE_SANTE_DU_VEGETAL_GC_2013-_No10_-_30_avril_2013_cle858e15	tournesol	3.164296831568353
BULLETIN_DE_SANTE_DU_VEGETAL_GC_2013-_No10_-_30_avril_2013_cle858e15	blé	2.7685898185941844
BULLETIN_DE_SANTE_DU_VEGETAL_GC_2013-_No10_-_30_avril_2013_cle858e15	colza	2.142634996393445
BULLETIN_DE_SANTE_DU_VEGETAL_GC_2013-_No10_-_30_avril_2013_cle858e15	céréale	2.010790439722061
BULLETIN_DE_SANTE_DU_VEGETAL_GC_2013-_No14_-_28_MAI_2013_cle4c4dec	chanvre	8.138125087629527
BULLETIN_DE_SANTE_DU_VEGETAL_GC_2013-_No14_-_28_MAI_2013_cle4c4dec	brome	7.222884815272953
BULLETIN_DE_SANTE_DU_VEGETAL_GC_2013-_No14_-_28_MAI_2013_cle4c4dec	ray-grass	6.038406381382765
BULLETIN_DE_SANTE_DU_VEGETAL_GC_2013-_No14_-_28_MAI_2013_cle4c4dec	seigle	6.038406381382765
BULLETIN_DE_SANTE_DU_VEGETAL_GC_2013-_No14_-_28_MAI_2013_cle4c4dec	fève	5.868537895605648
BULLETIN_DE_SANTE_DU_VEGETAL_GC_2013-_No14_-_28_MAI_2013_cle4c4dec	soja	4.9857584931020105
BULLETIN_DE_SANTE_DU_VEGETAL_GC_2013-_No14_-_28_MAI_2013_cle4c4dec	orge de printemps	4.168145646891753
BULLETIN_DE_SANTE_DU_VEGETAL_GC_2013-_No14_-_28_MAI_2013_cle4c4dec	triticale	3.9932929772292427
BULLETIN_DE_SANTE_DU_VEGETAL_GC_2013-_No14_-_28_MAI_2013_cle4c4dec	tournesol	3.970168828171848
BULLETIN_DE_SANTE_DU_VEGETAL_GC_2013-_No14_-_28_MAI_2013_cle4c4dec	orge d'hiver	3.4313747488509625
BULLETIN_DE_SANTE_DU_VEGETAL_GC_2013-_No14_-_28_MAI_2013_cle4c4dec	orge	3.296951459794479
BULLETIN_DE_SANTE_DU_VEGETAL_GC_2013-_No14_-_28_MAI_2013_cle4c4dec	maïs	3.194195046607495
BULLETIN_DE_SANTE_DU_VEGETAL_GC_2013-_No14_-_28_MAI_2013_cle4c4dec	prunier	3.1020799733458793
BULLETIN_DE_SANTE_DU_VEGETAL_GC_2013-_No14_-_28_MAI_2013_cle4c4dec	oranger	3.0154217626222013
BULLETIN_DE_SANTE_DU_VEGETAL_GC_2013-_No14_-_28_MAI_2013_cle4c4dec	céréale à paille	2.9107810951800457
BULLETIN_DE_SANTE_DU_VEGETAL_GC_2013-_No14_-_28_MAI_2013_cle4c4dec	blé	2.7538297347116085
BULLETIN_DE_SANTE_DU_VEGETAL_GC_2013-_No14_-_28_MAI_2013_cle4c4dec	colza	1.7750208321398504
BULLETIN_DE_SANTE_DU_VEGETAL_GC_2013-_No20_-_9_JUILLET_2013_cle8e731d	seigle	7.480736819599683
BULLETIN_DE_SANTE_DU_VEGETAL_GC_2013-_No20_-_9_JUILLET_2013_cle8e731d	olivier fruit à noyaux	5.603877009296625
BULLETIN_DE_SANTE_DU_VEGETAL_GC_2013-_No20_-_9_JUILLET_2013_cle8e731d	maïs grain	5.132947859150918
BULLETIN_DE_SANTE_DU_VEGETAL_GC_2013-_No20_-_9_JUILLET_2013_cle8e731d	maïs fourrage	5.132947859150918
BULLETIN_DE_SANTE_DU_VEGETAL_GC_2013-_No20_-_9_JUILLET_2013_cle8e731d	fourrage annuel	5.132947859150918
BULLETIN_DE_SANTE_DU_VEGETAL_GC_2013-_No20_-_9_JUILLET_2013_cle8e731d	triticale	4.9471287487886695
BULLETIN_DE_SANTE_DU_VEGETAL_GC_2013-_No20_-_9_JUILLET_2013_cle8e731d	soja	4.764788876988167
BULLETIN_DE_SANTE_DU_VEGETAL_GC_2013-_No20_-_9_JUILLET_2013_cle8e731d	tournesol	4.194225326223357
BULLETIN_DE_SANTE_DU_VEGETAL_GC_2013-_No20_-_9_JUILLET_2013_cle8e731d	maïs	3.361108134959092
BULLETIN_DE_SANTE_DU_VEGETAL_GC_2013-_No20_-_9_JUILLET_2013_cle8e731d	orge	3.191380643409492
BULLETIN_DE_SANTE_DU_VEGETAL_GC_2013-_No20_-_9_JUILLET_2013_cle8e731d	orge d'hiver	3.184449811899467
BULLETIN_DE_SANTE_DU_VEGETAL_GC_2013-_No20_-_9_JUILLET_2013_cle8e731d	céréale	2.6652708759405432
BULLETIN_DE_SANTE_DU_VEGETAL_GC_2013-_No20_-_9_JUILLET_2013_cle8e731d	blé	2.6264138547055267
BULLETIN_DE_SANTE_DU_VEGETAL_GC_2013-_No20_-_9_JUILLET_2013_cle8e731d	champignon	0.4398793610586999
Cassis_n_6_du_16_05_19_cle034491	cassissier	7.152975629423824
Cassis_n_6_du_16_05_19_cle034491	mûrier	5.24366736278948
Note_nat-_BSV_Aromia_bungii_juin_2018_v2_cle09d4e1	arbre fruitier à noyau	5.22502537429083
Note_nat-_BSV_Aromia_bungii_juin_2018_v2_cle09d4e1	horticulture ornementale	3.423185753272987
Note_nat-_BSV_Aromia_bungii_juin_2018_v2_cle09d4e1	zone non agricole	3.34709485570278
Note_nat-_BSV_Aromia_bungii_juin_2018_v2_cle09d4e1	prunier	3.34709485570278
Note_nat-_BSV_Aromia_bungii_juin_2018_v2_cle09d4e1	jardin	3.241326689255373
Note_nat-_BSV_Aromia_bungii_juin_2018_v2_cle09d4e1	cerisier	3.241326689255373
Note_nat-_BSV_Aromia_bungii_juin_2018_v2_cle09d4e1	pêcher	3.1406864147495455
Note_nat-_BSV_Aromia_bungii_juin_2018_v2_cle09d4e1	poirier	2.3261596010404575
Note_nat-_BSV_Aromia_bungii_juin_2018_v2_cle09d4e1	sylviculture	2.2130740727820837
Note_nat-_BSV_Aromia_bungii_juin_2018_v2_cle09d4e1	arboriculture	2.0018291436620657
Note_nat-_BSV_Aromia_bungii_juin_2018_v2_cle09d4e1	arboriculture fruitière	1.856290550378124
Note_nationale_meth_alternative_adventices_GC_validee-2_cle06dc5b	gaillet	6.880620209268907
Note_nationale_meth_alternative_adventices_GC_validee-2_cle06dc5b	colza d'hiver	6.281142820531515
Note_nationale_meth_alternative_adventices_GC_validee-2_cle06dc5b	avoine	5.574744872125404
Note_nationale_meth_alternative_adventices_GC_validee-2_cle06dc5b	géranium	4.753953952224345
Note_nationale_meth_alternative_adventices_GC_validee-2_cle06dc5b	soja	4.7495026604373995
Note_nationale_meth_alternative_adventices_GC_validee-2_cle06dc5b	bleuet	4.552936116636817
Note_nationale_meth_alternative_adventices_GC_validee-2_cle06dc5b	plante de service	4.552936116636817
Note_nationale_meth_alternative_adventices_GC_validee-2_cle06dc5b	vesce fourragère	4.552936116636817
Note_nationale_meth_alternative_adventices_GC_validee-2_cle06dc5b	trèfle	4.552936116636817
Note_nationale_meth_alternative_adventices_GC_validee-2_cle06dc5b	pois protéagineux	4.552936116636817
Note_nationale_meth_alternative_adventices_GC_validee-2_cle06dc5b	tournesol	4.063571386592454
Note_nationale_meth_alternative_adventices_GC_validee-2_cle06dc5b	lin	4.053221382347235
Note_nationale_meth_alternative_adventices_GC_validee-2_cle06dc5b	brome	4.040897969453885
Note_nationale_meth_alternative_adventices_GC_validee-2_cle06dc5b	ray-grass	4.040897969453885
Note_nationale_meth_alternative_adventices_GC_validee-2_cle06dc5b	féverole	4.028475809336381
Note_nationale_meth_alternative_adventices_GC_validee-2_cle06dc5b	betterave	3.7772893929335174
Note_nationale_meth_alternative_adventices_GC_validee-2_cle06dc5b	protéagineux	3.701315811704266
Note_nationale_meth_alternative_adventices_GC_validee-2_cle06dc5b	féverole d'hiver	3.701315811704266
Note_nationale_meth_alternative_adventices_GC_validee-2_cle06dc5b	maïs	3.0408691177008222
Note_nationale_meth_alternative_adventices_GC_validee-2_cle06dc5b	orge	2.9353630103629325
Note_nationale_meth_alternative_adventices_GC_validee-2_cle06dc5b	luzerne	2.9200725936961387
Note_nationale_meth_alternative_adventices_GC_validee-2_cle06dc5b	prairie	2.7893205950567306
Note_nationale_meth_alternative_adventices_GC_validee-2_cle06dc5b	orge de printemps	2.7893205950567306
Note_nationale_meth_alternative_adventices_GC_validee-2_cle06dc5b	blé	2.5106205078938064
Note_nationale_meth_alternative_adventices_GC_validee-2_cle06dc5b	céréale	2.3566030800132745
Note_nationale_meth_alternative_adventices_GC_validee-2_cle06dc5b	orge d'hiver	2.296273947016461
Note_nationale_meth_alternative_adventices_GC_validee-2_cle06dc5b	colza	2.0182059543551705
Note_nationale_meth_alternative_adventices_GC_validee-2_cle06dc5b	pois	1.9478929827085147
als_Grandes_Cultures_no10_2016-04-26_cle4d3231	soja	4.645424052754976
als_Grandes_Cultures_no10_2016-04-26_cle4d3231	blé tendre	3.572509873269053
als_Grandes_Cultures_no10_2016-04-26_cle4d3231	tournesol	3.457287278935793
als_Grandes_Cultures_no10_2016-04-26_cle4d3231	orge	3.283117192884753
als_Grandes_Cultures_no10_2016-04-26_cle4d3231	pois	3.2440834983626994
als_Grandes_Cultures_no10_2016-04-26_cle4d3231	blé	2.832743547655327
als_Grandes_Cultures_no10_2016-04-26_cle4d3231	maïs	2.6258780801874333
als_Grandes_Cultures_no10_2016-04-26_cle4d3231	colza	2.0374494507318825
als_Grandes_Cultures_no32_2016-10-11_cle4e331a	colza	2.0818301647639865
alsace03_BSV_VIGNE_250417_cle0358f2	vigne cultivée	4.066372761322422
alsace03_BSV_VIGNE_250417_cle0358f2	vigne	3.331522251479783
alsace_gdes_cultures_no24_du_19-08-20_cle075fe6	betterave	4.641543048627203
alsace_gdes_cultures_no24_du_19-08-20_cle075fe6	maïs	3.2509915857116103
alsace_gdes_cultures_no24_du_19-08-20_cle075fe6	champignon	0.5368791072394609
alsace_vigne_no10_du_23-06-20_cle812596	pois	4.024568168996227
alsace_vigne_no10_du_23-06-20_cle812596	vigne	3.3261616376067225
annexe_au_BSV_GC_No16_desherbage_alternatif_mais_cle81f45a	maïs	3.305386689557079
bsv_01_fruits_rouges_25_avril_2018_cle8fdf59	fraisier	4.747392420728286
bsv_13_pdt_21_juin_cle8d177f-1	grande culture	7.758203142749137
bsv_13_pdt_21_juin_cle8d177f-1	roquette	6.88569013994942
bsv_13_pdt_21_juin_cle8d177f-1	tilleul	5.52202681661894
bsv_13_pdt_21_juin_cle8d177f-1	jardin	3.4255705221183104
bsv_13_pdt_21_juin_cle8d177f-1	pomme de terre	2.8510434684493746
bsv_13_pdt_21_juin_cle8d177f-1	pommier	1.1602064431310048
bsv_ail_mp_n11_06062019_cle816b36	ail	7.470089812574552
bsv_ail_mp_n11_06062019_cle816b36	caféier	6.4920448851208
bsv_ail_mp_n11_06062019_cle816b36	rosier ornemental	4.449044967094835
bsv_arbo_66_2015_cle479316	arboriculture fruitière	2.120371161995969
bsv_arbo_66_2015_cle479316	arboriculture	2.011244331268602
bsv_arbo_66_2015_cle479316	pommier	1.459611088123177
bsv_arbo_66_2015_cle479316	champignon	0.6273830222341306
bsv_arbo_75_2015_cle429b97	bananier plantain	4.39313523668709
bsv_arbo_75_2015_cle429b97	jardin	3.0244349405319655
bsv_arbo_75_2015_cle429b97	poirier	2.1705057987403524
bsv_arbo_75_2015_cle429b97	arboriculture fruitière	2.1298531406601016
bsv_arbo_75_2015_cle429b97	arboriculture	1.8678777511493625
bsv_arbo_75_2015_cle429b97	sylviculture	1.5446269783079414
bsv_arbo_75_2015_cle429b97	pommier	1.4725977724430785
bsv_arbo_75_2015_cle429b97	champignon	0.47720369717827166
bsv_arbo_n25_19092017_cle4b1c13	arbre fruitier à noyau	5.925925417439133
bsv_arbo_n25_19092017_cle4b1c13	actinidia	5.61121275658907
bsv_arbo_n25_19092017_cle4b1c13	petit fruit	4.534305529664565
bsv_arbo_n25_19092017_cle4b1c13	prunier	4.248935687350602
bsv_arbo_n25_19092017_cle4b1c13	pêcher	3.024699434444646
bsv_arbo_n25_19092017_cle4b1c13	arboriculture	2.6002874450895477
bsv_arbo_n25_19092017_cle4b1c13	arboriculture fruitière	2.059858131289852
bsv_arbo_n25_19092017_cle4b1c13	pommier	1.4123175068546134
bsv_arbo_n25_19092017_cle4b1c13	champignon	0.49253830039694996
bsv_grandes_cultures_n27_18052017_cle88cbb1-1	protéagineux	6.645373251491959
bsv_grandes_cultures_n27_18052017_cle88cbb1-1	pois protéagineux d'hiver	5.901427644816783
bsv_grandes_cultures_n27_18052017_cle88cbb1-1	féverole	5.680277721977588
bsv_grandes_cultures_n27_18052017_cle88cbb1-1	lin	5.177227993204375
bsv_grandes_cultures_n27_18052017_cle88cbb1-1	féverole d'hiver	4.797573893816051
bsv_grandes_cultures_n27_18052017_cle88cbb1-1	maïs grain	4.797573893816051
bsv_grandes_cultures_n27_18052017_cle88cbb1-1	culture fourragère	4.797573893816051
bsv_grandes_cultures_n27_18052017_cle88cbb1-1	tournesol	4.276088890855281
bsv_grandes_cultures_n27_18052017_cle88cbb1-1	légume à graines ou à gousses	3.9773609518540107
bsv_grandes_cultures_n27_18052017_cle88cbb1-1	fève	3.9773609518540107
bsv_grandes_cultures_n27_18052017_cle88cbb1-1	lin oléagineux d'hiver	3.9773609518540107
bsv_grandes_cultures_n27_18052017_cle88cbb1-1	lin oléagineux	3.9773609518540107
bsv_grandes_cultures_n27_18052017_cle88cbb1-1	pois	3.8698879016652543
bsv_grandes_cultures_n27_18052017_cle88cbb1-1	oléagineux	3.3263525519634025
bsv_grandes_cultures_n27_18052017_cle88cbb1-1	maïs	3.2477741019213706
bsv_grandes_cultures_n27_18052017_cle88cbb1-1	colza	2.0033885802475013
bsv_maraichage_no11_du_05_Juin_2020_cle012212	melon	5.608109890861823
bsv_maraichage_no11_du_05_Juin_2020_cle012212	courgette	5.599656538849823
bsv_maraichage_no11_du_05_Juin_2020_cle012212	sorgho grain	5.200112642717554
bsv_maraichage_no11_du_05_Juin_2020_cle012212	aubergine	5.1604951033573245
bsv_maraichage_no11_du_05_Juin_2020_cle012212	riz	4.182913158689943
bsv_maraichage_no11_du_05_Juin_2020_cle012212	tomate	4.115883637452439
bsv_maraichage_no11_du_05_Juin_2020_cle012212	fraisier	3.632113045506942
bsv_maraichage_no11_du_05_Juin_2020_cle012212	poivron	2.820184327516208
bsv_maraichage_no11_du_05_Juin_2020_cle012212	sorgho fourrager	2.6360132280442348
bsv_maraichage_no11_du_05_Juin_2020_cle012212	chicorée scarole	2.6360132280442348
bsv_maraichage_no11_du_05_Juin_2020_cle012212	potiron	2.6360132280442348
bsv_maraichage_no11_du_05_Juin_2020_cle012212	salade	2.61388915342361
bsv_maraichage_no11_du_05_Juin_2020_cle012212	concombre	2.35770811699608
bsv_maraichage_no11_du_05_Juin_2020_cle012212	piment	2.3395585239456187
bsv_maraichage_no11_du_05_Juin_2020_cle012212	engrais vert	2.3395585239456187
bsv_maraichage_no11_du_05_Juin_2020_cle012212	menthe	2.3395585239456187
bsv_maraichage_no11_du_05_Juin_2020_cle012212	courge	2.1429506566476633
bsv_maraichage_no11_du_05_Juin_2020_cle012212	tabac	1.9950964118526633
bsv_maraichage_no11_du_05_Juin_2020_cle012212	poirée	1.9950964118526633
bsv_maraichage_no11_du_05_Juin_2020_cle012212	maraîchage	1.7348476535157014
bsv_maraichage_no11_du_05_Juin_2020_cle012212	luzerne	1.6906343042472494
bsv_maraichage_no11_du_05_Juin_2020_cle012212	maïs	1.4485547638718417
bsv_maraichage_no11_du_05_Juin_2020_cle012212	châtaignier	1.377709197711277
bsv_maraichage_no11_du_05_Juin_2020_cle012212	laitue	1.377709197711277
bsv_maraichage_no11_du_05_Juin_2020_cle012212	oignon	1.377709197711277
bsv_maraichage_no11_du_05_Juin_2020_cle012212	champignon	0.6277821123627402
bsv_na_tabac_03_20180523_cle8e53e1	tabac	7.513811674952116
bsv_na_tabac_03_20180523_cle8e53e1	gel	5.41318735326545
bsv_na_tabac_03_20180523_cle8e53e1	prairie	4.381710023559277
bsv_na_tabac_03_20180523_cle8e53e1	horticulture ornementale	3.3715995022284977
bsv_na_tabac_03_20180523_cle8e53e1	champignon	0.6389437587977232
bsv_vigne_n10_fronton_07062017-3_cle0a711e	gesse	8.461874839967486
bsv_vigne_n10_fronton_07062017-3_cle0a711e	roquette	6.451090367802712
bsv_vigne_n10_fronton_07062017-3_cle0a711e	pin	5.647720049127999
bsv_vigne_n10_fronton_07062017-3_cle0a711e	vigne cultivée	5.0101308839845995
bsv_vigne_n10_fronton_07062017-3_cle0a711e	arbuste  à baies	4.122926550932141
bsv_vigne_n10_fronton_07062017-3_cle0a711e	vigne	3.4904935759250026
bsv_vigne_n10_fronton_07062017-3_cle0a711e	sylviculture	1.63907162589679
bsv_vigne_n10_fronton_07062017-3_cle0a711e	champignon	0.6539368035708358
bsv_vigne_n1_fronton_23032017_cle825f73	vigne cultivée	5.0613476772194765
bsv_vigne_n1_fronton_23032017_cle825f73	arbuste  à baies	4.298107750881981
bsv_vigne_n1_fronton_23032017_cle825f73	vigne	3.6667116415379546
bsv_vigne_n1_fronton_23032017_cle825f73	sylviculture	2.142390097097408
bsv_vigne_n1_fronton_23032017_cle825f73	champignon	0.6504339933309343
bsv_viti_mp_gaillac_n07_12052020_cle0ee886	vigne cultivée	5.087934112799802
bsv_viti_mp_gaillac_n07_12052020_cle0ee886	arbuste  à baies	3.7375822500644205
bsv_viti_mp_gaillac_n07_12052020_cle0ee886	vigne	3.304890589711085
bsv_viti_mp_gaillac_n07_12052020_cle0ee886	champignon	0.5344204602038096
bsv_viti_mp_hautegaronnetarnetgaronne_n07_12052020_cle0cfad7	vigne cultivée	5.103663273595457
bsv_viti_mp_hautegaronnetarnetgaronne_n07_12052020_cle0cfad7	rosier ornemental	3.5839401350165336
bsv_viti_mp_hautegaronnetarnetgaronne_n07_12052020_cle0cfad7	vigne	3.5404226127717844
bsv_viti_mp_hautegaronnetarnetgaronne_n07_12052020_cle0cfad7	champignon	0.5299527073628035
bsv_viticulture_no10_du_23_mai_2018_cle0c892f	vigne cultivée	5.160476999465114
bsv_viticulture_no10_du_23_mai_2018_cle0c892f	vigne	3.427755012224091
bsv_viticulture_no10_du_23_mai_2018_cle0c892f	arboriculture fruitière	1.9745507901581911
bulletindesanteduvegetalgc2014-n9-15avril2014_cle066b5e	avoine	7.06873312400254
bulletindesanteduvegetalgc2014-n9-15avril2014_cle066b5e	angélique	6.564208216611757
bulletindesanteduvegetalgc2014-n9-15avril2014_cle066b5e	triticale	5.449652660912621
bulletindesanteduvegetalgc2014-n9-15avril2014_cle066b5e	orge de printemps	5.252852698089618
bulletindesanteduvegetalgc2014-n9-15avril2014_cle066b5e	laurier	4.4240524517015265
bulletindesanteduvegetalgc2014-n9-15avril2014_cle066b5e	orge d'hiver	4.324346516321833
bulletindesanteduvegetalgc2014-n9-15avril2014_cle066b5e	tournesol	3.631384520343193
bulletindesanteduvegetalgc2014-n9-15avril2014_cle066b5e	orge	3.5899525489831348
bulletindesanteduvegetalgc2014-n9-15avril2014_cle066b5e	maïs	2.969233938974157
bulletindesanteduvegetalgc2014-n9-15avril2014_cle066b5e	blé	2.805297281767795
bulletindesanteduvegetalgc2014-n9-15avril2014_cle066b5e	colza	1.992103222746425
bulletindesanteduvegetalgc2014-n9-15avril2014_cle066b5e	céréale	1.901905456879969
char_Grandes_Cultures_no22_2016-07-07_cle02be6e	pois protéagineux de printemps	6.090999445898558
char_Grandes_Cultures_no22_2016-07-07_cle02be6e	féverole de printemps	5.428976610326523
char_Grandes_Cultures_no22_2016-07-07_cle02be6e	féverole	5.382248439727769
char_Grandes_Cultures_no22_2016-07-07_cle02be6e	légume à graines ou à gousses	4.50081646606304
char_Grandes_Cultures_no22_2016-07-07_cle02be6e	betterave	4.208859444684111
char_Grandes_Cultures_no22_2016-07-07_cle02be6e	maïs fourrage	4.050354921913653
char_Grandes_Cultures_no22_2016-07-07_cle02be6e	culture fourragère	4.050354921913653
char_Grandes_Cultures_no22_2016-07-07_cle02be6e	pois	3.774860896971219
char_Grandes_Cultures_no22_2016-07-07_cle02be6e	amandier	3.7708981055499544
char_Grandes_Cultures_no22_2016-07-07_cle02be6e	tournesol	3.6693508422740058
char_Grandes_Cultures_no22_2016-07-07_cle02be6e	maïs	3.348886038105603
char_Grandes_Cultures_no22_2016-07-07_cle02be6e	pomme de terre	3.1744472428186343
char_Grandes_Cultures_no22_2016-07-07_cle02be6e	rosier ornemental	2.3473802452629755
char_Grandes_Cultures_no22_2016-07-07_cle02be6e	oranger	2.3126475730006666
char_Grandes_Cultures_no22_2016-07-07_cle02be6e	jardin	2.199886430076655
char_Grandes_Cultures_no22_2016-07-07_cle02be6e	céréale	1.443560769948509
char_Grandes_Cultures_no22_2016-07-07_cle02be6e	pommier	1.2918126942837356
char_Grandes_Cultures_no22_2016-07-07_cle02be6e	champignon	0.3471041561304809
char_Grandes_Cultures_no42_2016-11-24_cle0385bf	blé tendre d'hiver	5.3418137032475395
char_Grandes_Cultures_no42_2016-11-24_cle0385bf	orge d'hiver	4.440578503679665
char_Grandes_Cultures_no42_2016-11-24_cle0385bf	blé tendre	4.287938254335837
char_Grandes_Cultures_no42_2016-11-24_cle0385bf	céréale à paille	3.536420299903038
char_Grandes_Cultures_no42_2016-11-24_cle0385bf	orge	3.445990941193517
char_Grandes_Cultures_no42_2016-11-24_cle0385bf	blé	2.811929190235331
char_Grandes_Cultures_no42_2016-11-24_cle0385bf	céréale	2.5510207227151227
char_Grandes_Cultures_no42_2016-11-24_cle0385bf	colza	2.0749051899013864
lorraine_arboriculture_no11_du_13-05-20_cle8ee895	prunier	4.388127949237693
lorraine_arboriculture_no11_du_13-05-20_cle8ee895	cerisier	3.92635269979376
lorraine_arboriculture_no11_du_13-05-20_cle8ee895	poirier	2.817773061867628
lorraine_arboriculture_no11_du_13-05-20_cle8ee895	oranger	2.47681076559164
lorraine_arboriculture_no11_du_13-05-20_cle8ee895	arboriculture fruitière	2.0651505619879527
lorraine_arboriculture_no11_du_13-05-20_cle8ee895	pommier	1.4392506272415957
lorraine_vigne_no14_du_29-07-20_cle4bcf91	petit fruit	4.792187261430768
lorraine_vigne_no14_du_29-07-20_cle4bcf91	arbuste  à baies	4.657274372119006
lorraine_vigne_no14_du_29-07-20_cle4bcf91	cerisier	3.7964209006210856
lorraine_vigne_no14_du_29-07-20_cle4bcf91	vigne	3.619206658246637
lorraine_vigne_no14_du_29-07-20_cle4bcf91	prunier	3.406815931798044
lorraine_vigne_no14_du_29-07-20_cle4bcf91	arboriculture	2.468682189940281
lorraine_vigne_no14_du_29-07-20_cle4bcf91	sylviculture	1.6849337273513227
