"bsv"	"context before"	"conjunction"	"match"	"context after"	"location"	"features"
"05_GC_Als_cle8c3f61"	"écocement. Comme en"	"maïs, les"	"maïs"	"attaques d'oscinies"	"1006-1015"	"type=N_PUN_N, form=maïs, les"
"05bsv_jevi_20190502_cle8f22b6"	"te Hermine. Espaces"	"verts, parc et jardins"	"parc, jardins"	"d'amateurs. Observa"	"2747-2769"	"type=N_PUN_N_KON_N, form=verts, parc et jardins"
"05bsv_jevi_20190502_cle8f22b6"	"t Gesvres et région"	"lavalloise, jardins"	"jardins"	"d'amateurs. Observa"	"4092-4111"	"type=N_PUN_N, form=lavalloise, jardins"
"05bsv_jevi_20190502_cle8f22b6"	"s et cœur du bocage"	"vendéen, jardins"	"jardins"	"d'amateurs. Aphrop"	"5177-5193"	"type=N_PUN_N, form=vendéen, jardins"
"05bsv_jevi_20190502_cle8f22b6"	"entices du potager ("	"betterave, chénopode, épinard, poirée"	"betterave, épinard, poirée"	"ou bette à cardes.."	"12597-12634"	"type=N_PUN_N, form=betterave, chénopode, épinard, poirée"
"05bsv_jevi_20190502_cle8f22b6"	"Loire (49), potager"	"d'amateurs et jardin"	"jardin"	"associatif. Hépial"	"13788-13808"	"type=N_KON_N, form=d'amateurs et jardin"
"05bsv_jevi_20190502_cle8f22b6"	"u et cœur du bocage"	"vendéen, vergers"	"vergers"	"d'amateurs. Carpoc"	"14587-14603"	"type=N_PUN_N, form=vendéen, vergers"
"05bsv_jevi_20190502_cle8f22b6"	"en France : Arbres"	"fruitiers et vignes"	"vignes"	": Malus domestica ("	"21217-21236"	"type=N_KON_N, form=fruitiers et vignes"
"05bsv_jevi_20190502_cle8f22b6"	"rier), Prunus spp. ("	"prunier, cerisier, abricotier"	"prunier, cerisier, abricotier"	", pêcher ), Citrus s"	"21305-21334"	"type=N_PUN_N, form=prunier, cerisier, abricotier"
"13_HORTI_Als_cle02386b"	"ERANIUMS Contre les"	"champignons et les"	"champignons"	"bactéries, le lavag"	"575-593"	"type=N_KON_N, form=champignons et les"
"13_HORTI_Als_cle02386b"	"en contact avec des"	"bactéries, champignons et virus"	"champignons"	", il convient de les"	"800-831"	"type=N_PUN_N_KON_N, form=bactéries, champignons et virus"
"13_HORTI_Als_cle02386b"	"voir telles que les"	"poinsettias et les"	"poinsettias"	"pensées. Thrips, pu"	"4163-4181"	"type=N_KON_N, form=poinsettias et les"
"13_HORTI_Als_cle02386b"	"diverses telles que"	"géranium, impatiens, chrysanthème"	"géranium, chrysanthème"	", etc., et ce, malgr"	"4543-4576"	"type=N_PUN_N, form=géranium, impatiens, chrysanthème"
"19bsv_jevi_20181108_cle871314"	"en région. Espaces"	"verts et jardins"	"jardins"	"d'amateurs. Régions"	"775-791"	"type=N_KON_N, form=verts et jardins"
"19bsv_jevi_20181108_cle871314"	"bservations Espaces"	"verts et jardins"	"jardins"	"privés en région. O"	"2590-2606"	"type=N_KON_N, form=verts et jardins"
"19bsv_jevi_20181108_cle871314"	"surtout lorsque les"	"pins et cèdres"	"pins"	"colonisés par les p"	"3015-3029"	"type=N_KON_N, form=pins et cèdres"
"19bsv_jevi_20181108_cle871314"	"des jardins privés,"	"parcs, espaces"	"parcs"	"publics, Il faut êt"	"3116-3130"	"type=N_PUN_N, form=parcs, espaces"
"2015-05-28_BSV_Grandes_Cultures_01_cle8ba414"	"UX page 17 Stades :"	"Pois, Féverole"	"Pois, Féverole"	": Début Floraison T"	"949-963"	"type=N_PUN_N, form=Pois, Féverole"
"2017_BSV_manche_10_sem21_cle8d2aee"	"ns le nord Cotentin."	"Carotte, céleri, persil"	"Carotte, céleri, persil"	": toujours des capt"	"847-870"	"type=N_PUN_N, form=Carotte, céleri, persil"
"2017_BSV_manche_10_sem21_cle8d2aee"	". Nuisibilité : Sur"	"oignon, les"	"oignon"	"thrips sont souvent"	"6114-6125"	"type=N_PUN_N, form=oignon, les"
"2017_BSV_manche_10_sem21_cle8d2aee"	"es racines comme le"	"navet et le"	"navet"	"radis sont sensible"	"12527-12538"	"type=N_KON_N, form=navet et le"
"2017_BSV_manche_10_sem21_cle8d2aee"	"a plantation.Céleri"	"branche et persil"	"persil"	": 10% de plants ave"	"16635-16652"	"type=N_KON_N, form=branche et persil"
"2017_BSV_manche_33_sem44_cle8f1de5"	"es dernières séries."	"Carotte, céleri, persil"	"Carotte, céleri, persil"	": le troisième vol"	"517-540"	"type=N_PUN_N, form=Carotte, céleri, persil"
"2017_BSV_manche_33_sem44_cle8f1de5"	"sensibles comme la"	"laitue, le"	"laitue"	"céleri-rave, la pha"	"4258-4268"	"type=N_PUN_N, form=laitue, le"
"55_02_note_commune_resistance_fongicides_maladies_cereales_2006_cle86a116"	"famille donnée. Sur"	"blé, la"	"blé"	"généralisation de l"	"5285-5292"	"type=N_PUN_N, form=blé, la"
"55_02_note_commune_resistance_fongicides_maladies_cereales_2006_cle86a116"	"zèbe ou folpel) Sur"	"blé, l'oïdium"	"blé"	"est majoritairement"	"5630-5643"	"type=N_PUN_N, form=blé, l'oïdium"
"55_02_note_commune_resistance_fongicides_maladies_cereales_2006_cle86a116"	"de strobilurine sur"	"orge et escourgeon"	"orge, escourgeon"	"sauf en situation d"	"6034-6052"	"type=N_KON_N, form=orge et escourgeon"
"BSV05_GC_LOR_S13_2020_cle4419d7"	"ancée des stades du"	"colza, l'observation"	"colza"	"de l'accumulation d"	"10846-10866"	"type=N_PUN_N, form=colza, l'observation"
"BSV971_BanCas_N04_cle08e5ae"	"Numéro 04 Filières"	"Banane et Canne"	"Banane"	"-à-Sucre Données : J"	"92-107"	"type=N_KON_N, form=Banane et Canne"
"BSV971_BanCas_N04_cle08e5ae"	"s filières majeures"	"banane et canne"	"banane"	"-à-sucre. Nous vous"	"572-587"	"type=N_KON_N, form=banane et canne"
"BSV971_BanCas_N04_cle08e5ae"	"uadeloupe, Filières"	"Banane et Canne"	"Banane"	"-à-Sucre, Numéro 04"	"3536-3551"	"type=N_KON_N, form=Banane et Canne"
"BSV971_BanCas_N04_cle08e5ae"	"dans les parcelles"	"commerciales, jardins"	"jardins"	"créoles et privés,"	"5506-5527"	"type=N_PUN_N, form=commerciales, jardins"
"BSV971_BanCas_N04_cle08e5ae"	"uadeloupe, Filières"	"Banane et Canne"	"Banane"	"-à-Sucre, Numéro 04"	"7004-7019"	"type=N_KON_N, form=Banane et Canne"
"BSV971_BanCas_N04_cle08e5ae"	"uadeloupe, Filières"	"Banane et Canne"	"Banane"	"-à-Sucre, Numéro 04"	"9517-9532"	"type=N_KON_N, form=Banane et Canne"
"BSV971_BanCas_N04_cle08e5ae"	"te-Claire, Moulin à"	"eau, Bois"	"Bois"	"Debout, La Regretté"	"10235-10244"	"type=N_PUN_N, form=eau, Bois"
"BSV971_BanCas_N04_cle08e5ae"	"ation des spores du"	"champignon et la"	"champignon"	"dissémination de la"	"11543-11559"	"type=N_KON_N, form=champignon et la"
"BSV971_BanCas_N04_cle08e5ae"	"uadeloupe, Filières"	"Banane et Canne"	"Banane"	"-à-Sucre, Numéro 04"	"11614-11629"	"type=N_KON_N, form=Banane et Canne"
"BSV971_BanCas_N04_cle08e5ae"	"uadeloupe, Filières"	"Banane et Canne"	"Banane"	"-à-Sucre, Numéro 04"	"14659-14674"	"type=N_KON_N, form=Banane et Canne"
"BSV971_BanCas_N04_cle08e5ae"	"uadeloupe, Filières"	"Banane et Canne"	"Banane"	"-à-Sucre, Numéro 04"	"17704-17719"	"type=N_KON_N, form=Banane et Canne"
"BSV971_CulturesVivrieres-Bilan2018_cle81e161"	"mois et 4 mois. Les"	"ignames et patates"	"patates"	"douces sont plantée"	"3817-3835"	"type=N_KON_N, form=ignames et patates"
"BSV_5_VF_cle84611d"	"en mirabelle, F en"	"poire et E2"	"poire"	"en pomme. Photos M."	"2052-2063"	"type=N_KON_N, form=poire et E2"
"BSV_5_VF_cle84611d"	"erger. BSV n°5 P.6"	"Prunes et Cerises"	"Prunes, Cerises"	"1. Monilia fleur Le"	"11262-11279"	"type=N_KON_N, form=Prunes et Cerises"
"BSV_AF_5_15_mars_2019_cle452e6e"	"cardie des filières"	"pommes et poires"	"pommes, poires"	": François Hanquart"	"11127-11143"	"type=N_KON_N, form=pommes et poires"
"BSV_AF_n19_du_11052017-1_cle84e61b"	"cardie des filières"	"pommes et poires"	"pommes, poires"	": François Hanquart"	"15763-15779"	"type=N_KON_N, form=pommes et poires"
"BSV_AF_n30_du_25052018_cle0ca846"	"cardie des filières"	"pommes et poires"	"pommes, poires"	": François Hanquart"	"3008-3024"	"type=N_KON_N, form=pommes et poires"
"BSV_AF_n34_du_16072019_cle0a1d81"	"cardie des filières"	"pommes et poires"	"pommes, poires"	": François Hanquart"	"32858-32874"	"type=N_KON_N, form=pommes et poires"
"BSV_ARBO_2017_35_cle4d79ba"	"me de terre légumes"	"industriels, arboriculture, maraîchage, pépinière"	"arboriculture, maraîchage, pépinière"	"horticulture, JEVI"	"10002-10051"	"type=N_PUN_N, form=industriels, arboriculture, maraîchage, pépinière"
"BSV_ARBO_2018_11_cle44752f"	"me de terre légumes"	"industriels, arboriculture, maraîchage, pépinière"	"arboriculture, maraîchage, pépinière"	"horticulture, zones"	"2919-2968"	"type=N_PUN_N, form=industriels, arboriculture, maraîchage, pépinière"
"BSV_ARBO_2018_11_cle44752f"	"raîchage, pépinière"	"horticulture, zones"	"horticulture"	"non agricoles. Le B"	"2969-2988"	"type=N_PUN_N, form=horticulture, zones"
"BSV_Arboriculture-Fruits_transformes__Bretagne-Normandie-Pays_de_la_Loire_no15_du_17-06-2020_cle0d4baf"	"u développement des"	"champignons, ceux-ci"	"champignons"	"entrent dans le vég"	"2016-2036"	"type=N_PUN_N, form=champignons, ceux-ci"
"BSV_Arboriculture-Fruits_transformes__Bretagne-Normandie-Pays_de_la_Loire_no15_du_17-06-2020_cle0d4baf"	"judiciable pour les"	"pommes et les"	"pommes"	"poires de table. Ca"	"7536-7549"	"type=N_KON_N, form=pommes et les"
"BSV_Arboriculture-Fruits_transformes__Bretagne-Normandie-Pays_de_la_Loire_no_17_du_26-06-2018_cle861251"	"u développement des"	"champignons, ceux-ci"	"champignons"	"entrent dans le vég"	"1621-1641"	"type=N_PUN_N, form=champignons, ceux-ci"
"BSV_Bilan_Fruits_a_noyau_2018_cle888e1e"	"but juillet sur des"	"abricots et pêches"	"abricots, pêches"	"restant sur les arb"	"15294-15312"	"type=N_KON_N, form=abricots et pêches"
"BSV_Bilan_Fruits_a_noyau_2018_cle888e1e"	"problématiques sur"	"pêches, abricots"	"pêches, abricots"	"et prunes cette ann"	"15717-15733"	"type=N_PUN_N, form=pêches, abricots"
"BSV_Bilan_Fruits_a_noyau_2018_cle888e1e"	"Vallée du Rhône sur"	"abricots et pêches"	"abricots, pêches"	"(chenilles visibles"	"17021-17039"	"type=N_KON_N, form=abricots et pêches"
"BSV_Bilan_Fruits_a_noyau_2018_cle888e1e"	"ois de juin sur des"	"pêchers et abricotiers"	"pêchers, abricotiers"	"conduits en Agricul"	"17339-17361"	"type=N_KON_N, form=pêchers et abricotiers"
"BSV_Bilan_Fruits_a_noyau_2018_cle888e1e"	"en environnement de"	"pépinière et vergers"	"pépinière, vergers"	"donneurs de greffon"	"19266-19286"	"type=N_KON_N, form=pépinière et vergers"
"BSV_Bilan_Fruits_a_noyau_2018_cle888e1e"	"(principalement sur"	"prunier et abricotier"	"prunier, abricotier"	") peut dans certaine"	"24688-24709"	"type=N_KON_N, form=prunier et abricotier"
"BSV_Bilan_Fruits_a_noyau_2018_cle888e1e"	"ectre de végétaux :"	"vignes, oliviers, arbres"	"vignes, oliviers"	"fruitiers (Prunus),"	"46463-46487"	"type=N_PUN_N, form=vignes, oliviers, arbres"
"BSV_Bilan_Fruits_a_noyau_2018_cle888e1e"	"fruitiers (Prunus),"	"agrumes, caféiers, chênes, luzerne"	"agrumes, caféiers, chênes, luzerne"	", etc.A ce jour, six"	"46508-46542"	"type=N_PUN_N, form=agrumes, caféiers, chênes, luzerne"
"BSV_Bilan_Fruits_a_noyau_2018_cle888e1e"	"es suspectes sur un"	"olivier, un"	"olivier"	"laurier, un chêne l"	"47384-47395"	"type=N_PUN_N, form=olivier, un"
"BSV_Bilan_Fruits_a_noyau_2018_cle888e1e"	"sur un olivier, un"	"laurier, un"	"laurier"	"chêne le 24 avril à"	"47396-47407"	"type=N_PUN_N, form=laurier, un"
"BSV_Bilan_Fruits_a_noyau_2018_cle888e1e"	"e-Alpes sur pêcher,"	"abricotier, prunier et cerisier"	"abricotier, prunier, cerisier"	". Elles se sont déro"	"47732-47763"	"type=N_PUN_N_KON_N, form=abricotier, prunier et cerisier"
"BSV_Cassis_n_05_du_10_mai_2012_cle09e263"	"t en place dans les"	"vergers et les"	"vergers"	"cultures légumières"	"1743-1757"	"type=N_KON_N, form=vergers et les"
"BSV_Cereales_paille_14_cle09e79d"	"(retour fréquent de"	"blé, variété"	"blé"	"sensible, milieu fa"	"3912-3924"	"type=N_PUN_N, form=blé, variété"
"BSV_Cereales_paille_14_cle09e79d"	"(retour fréquent de"	"blé, variété"	"blé"	"sensible, milieu fa"	"17050-17062"	"type=N_PUN_N, form=blé, variété"
"BSV_Colza_no08-05avril18_cle866147"	"nçons de la tige du"	"colza, la"	"colza"	"moyenne est de 2,7("	"1871-1880"	"type=N_PUN_N, form=colza, la"
"BSV_Colza_no08-05avril18_cle866147"	"onnée par l'état du"	"colza, le"	"colza"	"nombre de piqûres e"	"3877-3886"	"type=N_PUN_N, form=colza, le"
"BSV_Colza_no24-20nov2019_cle8157b8"	"es par la mouche du"	"chou, points"	"chou"	"verts sur la carte"	"7858-7870"	"type=N_PUN_N, form=chou, points"
"BSV_GC_NA_Limousin_18_20200901_cle088995"	"aniques, précédents"	"protéagineux, reliquats"	"protéagineux"	"post-récolte élevés"	"11063-11086"	"type=N_PUN_N, form=protéagineux, reliquats"
"BSV_GC_NA_Limousin_18_20200901_cle088995"	"ue, semer tôt : sur"	"colza, les"	"colza"	"semis tardifs sont"	"13895-13905"	"type=N_PUN_N, form=colza, les"
"BSV_GC_n_15_du_10_mars_2015_cle0bc9b5"	"ançon de la tige du"	"colza, le"	"colza"	"charançon de la tig"	"4326-4335"	"type=N_PUN_N, form=colza, le"
"BSV_GC_n_22_du_30_avril_2013_cle82bfbf"	"a dans la rotation ("	"colza, tournesol, soja, pois"	"colza, tournesol, soja, pois"	"), les attaques rec"	"4826-4854"	"type=N_PUN_N, form=colza, tournesol, soja, pois"
"BSV_GC_n_22_du_30_avril_2013_cle82bfbf"	"ultures mellifères ("	"colza, tournesol, féverole, luzerne, maïs"	"colza, tournesol, féverole, luzerne, maïs"	", CIPAN ) en début d"	"18956-18997"	"type=N_PUN_N, form=colza, tournesol, féverole, luzerne, maïs"
"BSV_GRANDES_CULTURES_2017_No5_cle8b8eff"	"me de terre légumes"	"industriels, arboriculture, maraîchage, pépinière"	"arboriculture, maraîchage, pépinière"	"horticulture, zones"	"15376-15425"	"type=N_PUN_N, form=industriels, arboriculture, maraîchage, pépinière"
"BSV_GRANDES_CULTURES_2017_No5_cle8b8eff"	"raîchage, pépinière"	"horticulture, zones"	"horticulture"	"non agricoles. Pour"	"15426-15445"	"type=N_PUN_N, form=horticulture, zones"
"BSV_GRANDES_CULTURES_2018_No38_cle0b961f"	"NT Pomme de terre :"	"MILEOS et Oignon"	"Oignon"	": MILONI : FREDON I"	"16587-16603"	"type=N_KON_N, form=MILEOS et Oignon"
"BSV_GRANDES_CULTURES_2018_No38_cle0b961f"	"me de terre légumes"	"industriels, arboriculture, maraîchage, pépinière"	"arboriculture, maraîchage, pépinière"	"horticulture, JEVI."	"17016-17065"	"type=N_PUN_N, form=industriels, arboriculture, maraîchage, pépinière"
"BSV_JEVI_4_24_juillet_2019_cle4fa1b8"	"airement à d'autres"	"champignons, les"	"champignons"	"spores d'oïdium n'o"	"3417-3433"	"type=N_PUN_N, form=champignons, les"
"BSV_JEVI_4_24_juillet_2019_cle4fa1b8"	"oins importante des"	"chênes, le"	"chênes"	"Bulletin de Santé d"	"7197-7207"	"type=N_PUN_N, form=chênes, le"
"BSV_JEVI_4_24_juillet_2019_cle4fa1b8"	"ffecter de nombreux"	"végétaux, oliviers, Prunus"	"oliviers"	"(pêchers, amandiers"	"22971-22997"	"type=N_PUN_N, form=végétaux, oliviers, Prunus"
"BSV_JEVI_4_24_juillet_2019_cle4fa1b8"	", oliviers, Prunus ("	"pêchers, amandiers"	"pêchers, amandiers"	"), laurier rose, vig"	"22999-23017"	"type=N_PUN_N, form=pêchers, amandiers"
"BSV_JEVI_4_24_juillet_2019_cle4fa1b8"	"amandiers), laurier"	"rose, vigne, agrumes, caféiers, chênes"	"rose, vigne, agrumes, caféiers, chênes"	"Les dépérissements"	"23028-23066"	"type=N_PUN_N, form=rose, vigne, agrumes, caféiers, chênes"
"BSV_JEVI_4_24_juillet_2019_cle4fa1b8"	"s sont l'avocat, la"	"mangue et la"	"mangue"	"papaye mais l'espèc"	"25808-25820"	"type=N_KON_N, form=mangue et la"
"BSV_JEVI_4_24_juillet_2019_cle4fa1b8"	"s'en prend aussi au"	"citron, goyave, banane, nèfle"	"citron, goyave, banane"	"du Japon, tomate, c"	"25862-25891"	"type=N_PUN_N, form=citron, goyave, banane, nèfle"
"BSV_JEVI_4_24_juillet_2019_cle4fa1b8"	"e, banane, nèfle du"	"Japon, tomate, cerise"	"tomate, cerise"	"de Cayenne, fruit d"	"25895-25916"	"type=N_PUN_N, form=Japon, tomate, cerise"
"BSV_JEVI_4_24_juillet_2019_cle4fa1b8"	"ayenne, fruit de la"	"passion, kaki, ananas, pêche, poire, abricot, figue et café"	"kaki, ananas, pêche, poire, abricot, figue, café"	". Les légumes concer"	"25941-26000"	"type=N_PUN_N_KON_N, form=passion, kaki, ananas, pêche, poire, abricot, figue et café"
"BSV_JEVI_4_24_juillet_2019_cle4fa1b8"	"sont notamment les"	"tomates, poivrons, melons et courges"	"tomates, poivrons, melons, courges"	". Bulletin de Santé"	"26043-26079"	"type=N_PUN_N_KON_N, form=tomates, poivrons, melons et courges"
"BSV_Legumes_082019_cle841c8f-1"	"bservée sur oignons"	"bulbilles et ciboule"	"ciboule"	"à Loos-en-Gohelle ("	"7357-7377"	"type=N_KON_N, form=bulbilles et ciboule"
"BSV_Legumes_082019_cle841c8f-1"	"ltures d'alliacées ("	"poireaux, ciboulette, ail"	"poireaux, ciboulette, ail"	") pour détecter d'é"	"7556-7581"	"type=N_PUN_N, form=poireaux, ciboulette, ail"
"BSV_Legumes_082019_cle841c8f-1"	"ue pour les oignons"	"bulbilles et échalotes"	"échalotes"	"de plantation, oign"	"8557-8579"	"type=N_KON_N, form=bulbilles et échalotes"
"BSV_Legumes_082019_cle841c8f-1"	"les et échalotes de"	"plantation, oignon"	"oignon"	"de semis dit "" préc"	"8583-8601"	"type=N_PUN_N, form=plantation, oignon"
"BSV_Legumes_082019_cle841c8f-1"	"ntes observées. Sur"	"oignon, le"	"oignon"	"risque est très fai"	"11642-11652"	"type=N_PUN_N, form=oignon, le"
"BSV_Legumes_082019_cle841c8f-1"	"40 plantes hôtes) :"	"haricot, concombre, épinard, tomate, radis, navet, oignon, poireau, pomme"	"haricot, concombre, épinard, tomate, radis, navet, oignon, poireau"	"de terre Les femell"	"19753-19826"	"type=N_PUN_N, form=haricot, concombre, épinard, tomate, radis, navet, oignon, poireau, pomme"
"BSV_Legumes_082019_cle841c8f-1"	"DELASSUS-PLRN; Chou-"	"fleur, choux"	"choux"	": F. SIMEON -PLRN;"	"22408-22420"	"type=N_PUN_N, form=fleur, choux"
"BSV_Legumes_082019_cle841c8f-1"	"conserve, Haricots"	"verts et Scorsonères"	"Scorsonères"	": L. NIVET-UNILET -"	"22542-22562"	"type=N_KON_N, form=verts et Scorsonères"
"BSV_Legumes_322019_2__cle44e13b"	"on des parcelles de"	"haricot et flageolet"	"haricot, flageolet"	": Ravageu"	"9553-9573"	"type=N_KON_N, form=haricot et flageolet"
"BSV_Legumes_322019_2__cle44e13b"	"DELASSUS-PLRN; Chou-"	"fleur, choux"	"choux"	": F. SIMEON -PLRN;"	"13582-13594"	"type=N_PUN_N, form=fleur, choux"
"BSV_Legumes_322019_2__cle44e13b"	"conserve, Haricots"	"verts et Scorsonères"	"Scorsonères"	": L. NIVET-UNILET -"	"13712-13732"	"type=N_KON_N, form=verts et Scorsonères"
"BSV_MARAICHAGE_2018-17_cle04f12d"	"me de terre légumes"	"industriels, arboriculture, maraîchage, pépinière"	"arboriculture, maraîchage, pépinière"	"horticulture, zones"	"12403-12452"	"type=N_PUN_N, form=industriels, arboriculture, maraîchage, pépinière"
"BSV_MARAICHAGE_2018-17_cle04f12d"	"raîchage, pépinière"	"horticulture, zones"	"horticulture"	"non agricoles. Page"	"12453-12472"	"type=N_PUN_N, form=horticulture, zones"
"BSV_MARAICHAGE_2019_07_cle0cc493"	"me famille comme la"	"tomate, l'aubergine et le"	"tomate"	"poivron. Cette bact"	"877-902"	"type=N_PUN_N_KON_N, form=tomate, l'aubergine et le"
"BSV_MARAICHAGE_2019_07_cle0cc493"	"ce-amère, la grande"	"ortie, les"	"ortie"	"moutardes et le ché"	"1043-1053"	"type=N_PUN_N, form=ortie, les"
"BSV_MARAICHAGE_2019_07_cle0cc493"	"a grande ortie, les"	"moutardes et le"	"moutardes"	"chénopode blanc. Ph"	"1054-1069"	"type=N_KON_N, form=moutardes et le"
"BSV_MARAICHAGE_2019_07_cle0cc493"	"llifères (carottes,"	"panais, céleris, persil, fenouil, cerfeuil"	"panais, céleris, persil, fenouil, cerfeuil"	"). Eloigner les par"	"11456-11498"	"type=N_PUN_N, form=panais, céleris, persil, fenouil, cerfeuil"
"BSV_MARAICHAGE_2019_07_cle0cc493"	"ges pour la mouche ("	"haies, bosquets, forêts"	"forêts"	"). Compte tenu du s"	"11611-11634"	"type=N_PUN_N, form=haies, bosquets, forêts"
"BSV_MARAICHAGE_2019_07_cle0cc493"	"elle se trouve sur"	"salades, chou, pomme"	"salades, chou"	"de terre, épinard,"	"12244-12264"	"type=N_PUN_N, form=salades, chou, pomme"
"BSV_MARAICHAGE_2019_07_cle0cc493"	"des, chou, pomme de"	"terre, épinard, haricot"	"épinard, haricot"	". Le papillon mesur"	"12268-12291"	"type=N_PUN_N, form=terre, épinard, haricot"
"BSV_MARAICHAGE_2019_07_cle0cc493"	"le chou-fleur, les"	"choux, le"	"choux"	"colza, la moutarde"	"14815-14824"	"type=N_PUN_N, form=choux, le"
"BSV_MARAICHAGE_2019_07_cle0cc493"	"leur, les choux, le"	"colza, la"	"colza"	"moutarde des champs"	"14825-14834"	"type=N_PUN_N, form=colza, la"
"BSV_MARAICHAGE_2019_07_cle0cc493"	"ultures fruitières ("	"pêchers, poiriers, mangue, banane"	"pêchers, poiriers, mangue, banane"	"...), agrumes (citro"	"18110-18143"	"type=N_PUN_N, form=pêchers, poiriers, mangue, banane"
"BSV_MARAICHAGE_2019_07_cle0cc493"	"...) et légumières ("	"tomate, poivron, melon, courge"	"tomate, poivron, melon, courge"	"...). La présence de"	"18192-18222"	"type=N_PUN_N, form=tomate, poivron, melon, courge"
"BSV_MARAICHAGE_2019_07_cle0cc493"	"a communautaire des"	"fruits et légumes"	"légumes"	". La surveillance de"	"18413-18430"	"type=N_KON_N, form=fruits et légumes"
"BSV_MARAICHAGE_2019_07_cle0cc493"	"me de terre légumes"	"industriels, arboriculture, maraîchage, pépinière"	"arboriculture, maraîchage, pépinière"	"horticulture. Page"	"21652-21701"	"type=N_PUN_N, form=industriels, arboriculture, maraîchage, pépinière"
"BSV_MARAICHAGE_Nord_NA_24_20201021_cle8b8312"	"ive de cet insecte."	"Carotte et céleri"	"Carotte, céleri"	"-rave Mouche de la"	"1755-1772"	"type=N_KON_N, form=Carotte et céleri"
"BSV_MARAICHAGE_Nord_NA_24_20201021_cle8b8312"	"1 octobre 2020 4/8"	"Carotte et céleri"	"Carotte, céleri"	"-rave Mouche de la c"	"8203-8220"	"type=N_KON_N, form=Carotte et céleri"
"BSV_MARAICHAGE_Nord_NA_24_20201021_cle8b8312"	"de la mouche de la"	"carotte, la"	"carotte"	"réalisation de piég"	"8318-8329"	"type=N_PUN_N, form=carotte, la"
"BSV_MARAICHAGE_Nord_NA_24_20201021_cle8b8312"	"pour une culture de"	"carotte, le"	"carotte"	"double pour le céle"	"10654-10665"	"type=N_PUN_N, form=carotte, le"
"BSV_MARAICHAGE_Nord_NA_24_20201021_cle8b8312"	"s de plantations de"	"salades, semis"	"salades"	"de radis ). Les lim"	"13830-13844"	"type=N_PUN_N, form=salades, semis"
"BSV_MARAICHAGE_Nord_NA_24_20201021_cle8b8312"	"xemple). Dégâts sur"	"choux et chenille"	"choux"	"de Mamestra brassic"	"14999-15016"	"type=N_KON_N, form=choux et chenille"
"BSV_NA_CHATAIGNIER_GSO_09_20190919_cle868eba"	"e l'enveloppe de la"	"châtaigne et s'enfonce"	"châtaigne"	"dans le sol. Elle t"	"1818-1840"	"type=N_KON_N, form=châtaigne et s'enfonce"
"BSV_NA_CULTURES_LEGUMIERES-Nord_NA__20_20170830_cle02661b"	"es plus concernées."	"Carotte et céleri"	"Carotte, céleri"	"-rave Mouche de la c"	"1618-1635"	"type=N_KON_N, form=Carotte et céleri"
"BSV_NA_CULTURES_LEGUMIERES-Nord_NA__20_20170830_cle02661b"	"es à ce champignon."	"Carotte et céleri"	"Carotte, céleri"	"-rave Taches typique"	"7357-7374"	"type=N_KON_N, form=Carotte et céleri"
"BSV_NA_CULTURES_LEGUMIERES-Nord_NA__20_20170830_cle02661b"	"de la mouche de la"	"carotte, la"	"carotte"	"réalisation de piég"	"7528-7539"	"type=N_PUN_N, form=carotte, la"
"BSV_NA_CULTURES_LEGUMIERES-Nord_NA__20_20170830_cle02661b"	"st mis en place sur"	"céleri et carotte"	"céleri, carotte"	". Site Nombre de mou"	"7653-7670"	"type=N_KON_N, form=céleri et carotte"
"BSV_NA_CULTURES_LEGUMIERES-Nord_NA__20_20170830_cle02661b"	"niques) Altises sur"	"radis et rutabagas"	"radis, rutabagas"	"En Charente, on obs"	"19820-19838"	"type=N_KON_N, form=radis et rutabagas"
"BSV_NA_CULTURES__LEGUMIERES-Nord_Nouvelle_Aquitaine_n_28_cle424df5"	"portement variétal."	"Carotte et céleri"	"Carotte, céleri"	"-rave Mouche de la c"	"1702-1719"	"type=N_KON_N, form=Carotte et céleri"
"BSV_NA_CULTURES__LEGUMIERES-Nord_Nouvelle_Aquitaine_n_28_cle424df5"	"tion de ce ravageur"	"Carotte et céleri"	"Carotte, céleri"	"-rave Mouche de la c"	"4673-4690"	"type=N_KON_N, form=Carotte et céleri"
"BSV_NA_CULTURES__LEGUMIERES-Nord_Nouvelle_Aquitaine_n_28_cle424df5"	"de la mouche de la"	"carotte, la"	"carotte"	"réalisation de piég"	"4788-4799"	"type=N_PUN_N, form=carotte, la"
"BSV_NA_CULTURES__LEGUMIERES-Nord_Nouvelle_Aquitaine_n_28_cle424df5"	"st mis en place sur"	"céleri et carotte"	"céleri, carotte"	". Site 17 18 19 20 N"	"4913-4930"	"type=N_KON_N, form=céleri et carotte"
"BSV_NA_GC_AQUITAINE_N09_20190404_cle0279a3"	"ne (blé tendre, blé"	"dur, triticale, orge"	"triticale, orge"	") Cette semaine, un"	"4781-4801"	"type=N_PUN_N, form=dur, triticale, orge"
"BSV_NA_GC_AQUITAINE_N09_20190404_cle0279a3"	"ille jaune. Oïdium ("	"orge, triticale, blé"	"orge, triticale, blé"	") Des symptômes d'oï"	"5756-5776"	"type=N_PUN_N, form=orge, triticale, blé"
"BSV_NA_GC_AQUITAINE_N09_20190404_cle0279a3"	"variétés sensibles ("	"orge et triticale"	"orge, triticale"	"). A consulter : Gui"	"6793-6810"	"type=N_KON_N, form=orge et triticale"
"BSV_NA_GC_AQUITAINE_N09_20190404_cle0279a3"	"3) Rhynchosporiose ("	"orge, triticale"	"orge, triticale"	") Pas de nouveau sig"	"6986-7001"	"type=N_PUN_N, form=orge, triticale"
"BSV_NA_GC_AQUITAINE_N09_20190404_cle0279a3"	"s sensibles dans la"	"rotation, colza"	"colza"	"en particulier (tou"	"19046-19061"	"type=N_PUN_N, form=rotation, colza"
"BSV_NA_GC_AQUITAINE_N09_20190404_cle0279a3"	"lza en particulier ("	"tournesol, soja, cultures"	"tournesol, soja"	"légumières ) ;- les"	"19078-19103"	"type=N_PUN_N, form=tournesol, soja, cultures"
"BSV_NA_GC_Aquitaine_N5_20180322_cle4a4445"	"2018 2/10 Oïdium ("	"blé, triticale, orge"	"blé, triticale, orge"	") Pas d'autre symptô"	"5187-5207"	"type=N_PUN_N, form=blé, triticale, orge"
"BSV_NA_GC_Aquitaine_N5_20180322_cle4a4445"	"ity. Rouille jaune ("	"blé, orge, triticale"	"blé, orge, triticale"	") Aucun symptôme n'e"	"5726-5746"	"type=N_PUN_N, form=blé, orge, triticale"
"BSV_NA_GC_Aquitaine_N5_20180322_cle4a4445"	"le stade, l'état du"	"colza, le"	"colza"	"nombre de méligèthe"	"12857-12866"	"type=N_PUN_N, form=colza, le"
"BSV_NA_KIWI_15_20190613_cle86b7d5"	"es cours d'eau avec"	"ronces et orties"	"ronces, orties"	") et le broyage des"	"3143-3159"	"type=N_KON_N, form=ronces et orties"
"BSV_NA_POMMIER_NORD_18_20170719_cle4a8443"	"ites frugivores sur"	"pommes, cicadelles"	"pommes"	"blanches et vertes,"	"2066-2084"	"type=N_PUN_N, form=pommes, cicadelles"
"BSV_NA_POMMIER_NORD_18_20170719_cle4a8443"	"dans les pousses du"	"pommier, cochenilles"	"pommier"	"à bouclier présente"	"2245-2265"	"type=N_PUN_N, form=pommier, cochenilles"
"BSV_NA_POMMIER_NORD_18_20170719_cle4a8443"	"précédentes, jeune"	"verger, variétés"	"verger"	"telles que Reinette"	"11605-11621"	"type=N_PUN_N, form=verger, variétés"
"BSV_NA_POMMIER_NORD_18_20170719_cle4a8443"	"présence de bois à"	"proximité, vergers"	"vergers"	"vigoureux), il est"	"12148-12166"	"type=N_PUN_N, form=proximité, vergers"
"BSV_NA_POMMIER_NORD_18_20170719_cle4a8443"	"les chancres sur le"	"bois et les"	"bois"	"fruits momifiés, év"	"16795-16806"	"type=N_KON_N, form=bois et les"
"BSV_NA_POMMIER_POIRIER_Sud_18_20180726_cle8d7184"	"es cours d'eau avec"	"ronces et orties"	"ronces, orties"	") et le broyage des"	"18883-18899"	"type=N_KON_N, form=ronces et orties"
"BSV_NA_POMMIER_POIRIER_Sud_8_20190404_cle0177e8"	"r ; stade E2-F pour"	"Gala, stade"	"Gala"	"F pour Granny. Stad"	"2011-2022"	"type=N_PUN_N, form=Gala, stade"
"BSV_NA_POMMIER_POIRIER_Sud_8_20190404_cle0177e8"	"sion carpocapse des"	"pommes, la"	"pommes"	"mise en place des d"	"12943-12953"	"type=N_PUN_N, form=pommes, la"
"BSV_NA_POMMIER_POIRIER_Sud_8_20190404_cle0177e8"	"user des dégâts sur"	"pommiers et poiriers"	"pommiers, poiriers"	". Les piqûres réalis"	"14402-14422"	"type=N_KON_N, form=pommiers et poiriers"
"BSV_NA_POMMIER_POIRIER_Sud_8_20190404_cle0177e8"	"t en place dans les"	"vergers
    et les"	"vergers"	"cultures légumières"	"19681-19699"	"type=N_KON_N, form=vergers
    et les"
"BSV_NA_VIGNE_CHARENTE_03_20170419_cle86a6e5"	"s de la Vigne et du"	"Vin, la"	"Vin"	"Station Viticole du"	"10362-10369"	"type=N_PUN_N, form=Vin, la"
"BSV_NA_VIGNE_Limousin_06_20180515_cle841333"	"directement sur le"	"bois, les"	"bois"	"contaminations prim"	"6944-6953"	"type=N_PUN_N, form=bois, les"
"BSV_Olivier_20200902_N13_cle8395b6"	"éditPhoto : SIOVB À"	"droite, Olives"	"Olives"	"fripées, Crédit pho"	"2384-2398"	"type=N_PUN_N, form=droite, Olives"
"BSV_Ornement_Normandie_n-09-2017_cle03389c"	"ment s'observer sur"	"charme, noisetier, hêtre et tilleul"	"noisetier, tilleul"	". Page 1/5 Cultures"	"1635-1670"	"type=N_PUN_N_KON_N, form=charme, noisetier, hêtre et tilleul"
"BSV_Ornement_Normandie_n-09-2017_cle03389c"	"aques de la Lyda du"	"poirier, Neurotoma"	"poirier"	"saltuum, ont été ob"	"4624-4642"	"type=N_PUN_N, form=poirier, Neurotoma"
"BSV_Ornement_Normandie_n-09-2017_cle03389c"	"t été signalées sur"	"chêne et amélanchier"	"chêne"	"cultivés en pleine"	"8093-8113"	"type=N_KON_N, form=chêne et amélanchier"
"BSV_Presentation_du_reseau_2018_cle4a84c9"	"éseau 2018 Cultures"	"fruitières, région"	"fruitières"	"AURA, édition du te"	"2407-2425"	"type=N_PUN_N, form=fruitières, région"
"BSV_Presentation_du_reseau_2018_cle4a84c9"	"éseau 2018 Cultures"	"fruitières, région"	"fruitières"	"AURA, édition du te"	"3536-3554"	"type=N_PUN_N, form=fruitières, région"
"BSV_Presentation_du_reseau_2018_cle4a84c9"	"éseau 2018 Cultures"	"fruitières, région"	"fruitières"	"AURA, édition du te"	"4555-4573"	"type=N_PUN_N, form=fruitières, région"
"BSV_Presentation_du_reseau_2018_cle4a84c9"	"éseau 2018 Cultures"	"fruitières, région"	"fruitières"	"AURA, édition du te"	"8298-8316"	"type=N_PUN_N, form=fruitières, région"
"BSV_Presentation_du_reseau_2018_cle4a84c9"	"éseau 2018 Cultures"	"fruitières, région"	"fruitières"	"AURA, édition du te"	"10836-10854"	"type=N_PUN_N, form=fruitières, région"
"BSV_Presentation_du_reseau_2018_cle4a84c9"	"éseau 2018 Cultures"	"fruitières, région"	"fruitières"	"AURA, édition du te"	"12493-12511"	"type=N_PUN_N, form=fruitières, région"
"BSV_RA_ARBO_no19du19062018_cle4af8d5-1"	"veaux symptômes sur"	"pommier et poirier"	"pommier, poirier"	", pression forte- To"	"2129-2147"	"type=N_KON_N, form=pommier et poirier"
"BSV_RA_ARBO_no19du19062018_cle4af8d5-1"	"n°19, 2018 Cultures"	"fruitières, région"	"fruitières"	"AURA, édition du te"	"3274-3292"	"type=N_PUN_N, form=fruitières, région"
"BSV_RA_ARBO_no19du19062018_cle4af8d5-1"	"s d'entrée pour les"	"champignons et bactéries"	"champignons"	". Soyez particulière"	"3687-3711"	"type=N_KON_N, form=champignons et bactéries"
"BSV_RA_ARBO_no19du19062018_cle4af8d5-1"	"n°19, 2018 Cultures"	"fruitières, région"	"fruitières"	"AURA, édition du te"	"6505-6523"	"type=N_PUN_N, form=fruitières, région"
"BSV_RA_ARBO_no19du19062018_cle4af8d5-1"	"n°19, 2018 Cultures"	"fruitières, région"	"fruitières"	"AURA, édition du te"	"9431-9449"	"type=N_PUN_N, form=fruitières, région"
"BSV_RA_ARBO_no19du19062018_cle4af8d5-1"	"n°19, 2018 Cultures"	"fruitières, région"	"fruitières"	"AURA, édition du te"	"11870-11888"	"type=N_PUN_N, form=fruitières, région"
"BSV_RA_ARBO_no19du19062018_cle4af8d5-1"	"n°19, 2018 Cultures"	"fruitières, région"	"fruitières"	"AURA, édition du te"	"15098-15116"	"type=N_PUN_N, form=fruitières, région"
"BSV_RA_ARBO_no19du19062018_cle4af8d5-1"	"t pas favorables au"	"champignon, le"	"champignon"	"risque sera nul. R"	"16519-16533"	"type=N_PUN_N, form=champignon, le"
"BSV_RA_ARBO_no19du19062018_cle4af8d5-1"	"t pas favorables au"	"champignon, le"	"champignon"	"risque sera nul. Il"	"16732-16746"	"type=N_PUN_N, form=champignon, le"
"BSV_RA_ARBO_no19du19062018_cle4af8d5-1"	"n°19, 2018 Cultures"	"fruitières, région"	"fruitières"	"AURA, édition du te"	"17989-18007"	"type=N_PUN_N, form=fruitières, région"
"BSV_RA_ARBO_no19du19062018_cle4af8d5-1"	"n°19, 2018 Cultures"	"fruitières, région"	"fruitières"	"AURA, édition du te"	"19747-19765"	"type=N_PUN_N, form=fruitières, région"
"BSV_RA_ARBO_no19du19062018_cle4af8d5-1"	"n°19, 2018 Cultures"	"fruitières, région"	"fruitières"	"AURA, édition du te"	"22380-22398"	"type=N_PUN_N, form=fruitières, région"
"BSV_RA_ARBO_no19du19062018_cle4af8d5-1"	"n°19, 2018 Cultures"	"fruitières, région"	"fruitières"	"AURA, édition du te"	"24932-24950"	"type=N_PUN_N, form=fruitières, région"
"BSV_RA_ARBO_no19du19062018_cle4af8d5-1"	"n°19, 2018 Cultures"	"fruitières, région"	"fruitières"	"AURA, édition du te"	"26469-26487"	"type=N_PUN_N, form=fruitières, région"
"BSV_RA_ARBO_no19du19062018_cle4af8d5-1"	"n°19, 2018 Cultures"	"fruitières, région"	"fruitières"	"AURA, édition du te"	"29767-29785"	"type=N_PUN_N, form=fruitières, région"
"BSV_RA_ARBO_no19du19062018_cle4af8d5-1"	"n°19, 2018 Cultures"	"fruitières, région"	"fruitières"	"AURA, édition du te"	"32930-32948"	"type=N_PUN_N, form=fruitières, région"
"BSV_RA_ARBO_no19du19062018_cle4af8d5-1"	"n°19, 2018 Cultures"	"fruitières, région"	"fruitières"	"AURA, édition du te"	"35092-35110"	"type=N_PUN_N, form=fruitières, région"
"BSV_RA_ARBO_no19du19062018_cle4af8d5-1"	"PUA du 18/06/18 sur"	"pommier et poirier"	"pommier, poirier"	"secteur"	"37956-37974"	"type=N_KON_N, form=pommier et poirier"
"BSV_RA_ARBO_no19du19062018_cle4af8d5-1"	"n°19, 2018 Cultures"	"fruitières, région"	"fruitières"	"AURA, édition du te"	"38606-38624"	"type=N_PUN_N, form=fruitières, région"
"BSV_RA_ARBO_no19du19062018_cle4af8d5-1"	"MIS du 18/06/18 sur"	"pommier et poirier"	"pommier, poirier"	"secteur"	"38733-38751"	"type=N_KON_N, form=pommier et poirier"
"BSV_RA_ARBO_no19du19062018_cle4af8d5-1"	"n°19, 2018 Cultures"	"fruitières, région"	"fruitières"	"AURA, édition du te"	"40276-40294"	"type=N_PUN_N, form=fruitières, région"
"BSV_RA_ARBO_no19du19062018_cle4af8d5-1"	"PSE du 18/06/18 sur"	"pommier et poirier"	"pommier, poirier"	"secteur"	"40527-40545"	"type=N_KON_N, form=pommier et poirier"
"BSV_RA_ARBO_no19du19062018_cle4af8d5-1"	"l de Carpocapse sur"	"pommier et poirier"	"pommier, poirier"	"Toutes zones (Cumul"	"41186-41204"	"type=N_KON_N, form=pommier et poirier"
"BSV_RA_ARBO_no19du19062018_cle4af8d5-1"	"n°19, 2018 Cultures"	"fruitières, région"	"fruitières"	"AURA, édition du te"	"42582-42600"	"type=N_PUN_N, form=fruitières, région"
"BSV_RA_ARBO_no19du19062018_cle4af8d5-1"	"n°19, 2018 Cultures"	"fruitières, région"	"fruitières"	"AURA, édition du te"	"46038-46056"	"type=N_PUN_N, form=fruitières, région"
"BSV_RA_ARBO_no19du19062018_cle4af8d5-1"	"rés hors réseau sur"	"pommier et poirier"	"pommier, poirier"	"dans le Rhône la se"	"46400-46418"	"type=N_KON_N, form=pommier et poirier"
"BSV_RA_ARBO_no19du19062018_cle4af8d5-1"	"n°19, 2018 Cultures"	"fruitières, région"	"fruitières"	"AURA, édition du te"	"49482-49500"	"type=N_PUN_N, form=fruitières, région"
"BSV_RA_ARBO_no19du19062018_cle4af8d5-1"	"n°19, 2018 Cultures"	"fruitières, région"	"fruitières"	"AURA, édition du te"	"50861-50879"	"type=N_PUN_N, form=fruitières, région"
"BSV_RA_ARBO_no19du19062018_cle4af8d5-1"	"n°19, 2018 Cultures"	"fruitières, région"	"fruitières"	"AURA, édition du te"	"51690-51708"	"type=N_PUN_N, form=fruitières, région"
"BSV_RA_ARBO_no19du19062018_cle4af8d5-1"	"n°19, 2018 Cultures"	"fruitières, région"	"fruitières"	"AURA, édition du te"	"54140-54158"	"type=N_PUN_N, form=fruitières, région"
"BSV_RA_ARBO_no19du19062018_cle4af8d5-1"	"ntroduction sont le"	"bois et les"	"bois"	"produits faits de b"	"54611-54622"	"type=N_KON_N, form=bois et les"
"BSV_RA_ARBO_no19du19062018_cle4af8d5-1"	"s produits faits de"	"bois, les"	"bois"	"matériaux d'emballa"	"54641-54650"	"type=N_PUN_N, form=bois, les"
"BSV_RA_ARBO_no19du19062018_cle4af8d5-1"	"iaux d'emballage en"	"bois et les"	"bois"	"plants de pépinière"	"54676-54687"	"type=N_KON_N, form=bois et les"
"BSV_RA_ARBO_no19du19062018_cle4af8d5-1"	"n°19, 2018 Cultures"	"fruitières, région"	"fruitières"	"AURA, édition du te"	"56584-56602"	"type=N_PUN_N, form=fruitières, région"
"BSV_RA_ARBO_no19du19062018_cle4af8d5-1"	"rnées Arboriculture"	"fruitière, pépinières"	"fruitière, pépinières"	"d'ornement, jardins"	"69586-69607"	"type=N_PUN_N, form=fruitière, pépinières"
"BSV_RA_ARBO_no19du19062018_cle4af8d5-1"	"uitière, pépinières"	"d'ornement, jardins et espaces"	"jardins"	"verts, forêts. Dist"	"69608-69638"	"type=N_PUN_N_KON_N, form=d'ornement, jardins et espaces"
"BSV_RA_ARBO_no19du19062018_cle4af8d5-1"	"jardins et espaces"	"verts, forêts"	"forêts"	". Distribution géogr"	"69639-69652"	"type=N_PUN_N, form=verts, forêts"
"BSV_RA_ARBO_no19du19062018_cle4af8d5-1"	"ntroduction sont le"	"bois et les"	"bois"	"produits faits de b"	"70666-70677"	"type=N_KON_N, form=bois et les"
"BSV_RA_ARBO_no19du19062018_cle4af8d5-1"	"s produits faits de"	"bois, les"	"bois"	"matériaux d'emballa"	"70696-70705"	"type=N_PUN_N, form=bois, les"
"BSV_RA_ARBO_no19du19062018_cle4af8d5-1"	"iaux d'emballage en"	"bois et les"	"bois"	"plants de pépinière"	"70731-70742"	"type=N_KON_N, form=bois et les"
"BSV_ZNA-PO_20190527_N2_cle048919"	""	"Jardins, espaces"	"Jardins"	"verts et infrastruc"	"2-18"	"type=N_PUN_N, form=Jardins, espaces"
"BSV_ZNA-PO_20190527_N2_cle048919"	"Charançon rouge du"	"palmier, Rhynchophorus"	"palmier"	"ferrugineus ......."	"1073-1095"	"type=N_PUN_N, form=palmier, Rhynchophorus"
"BSV_ZNA-PO_20190527_N2_cle048919"	"ont enregistrés sur"	"agrumes, hibiscus et rosiers"	"agrumes, hibiscus, rosiers"	"dans les Alpes-Mari"	"2876-2904"	"type=N_PUN_N_KON_N, form=agrumes, hibiscus et rosiers"
"BSV_ZNA-PO_20190527_N2_cle048919"	"nt été observés sur"	"agrumes et rosiers"	"agrumes, rosiers"	"en pépinière orneme"	"11662-11680"	"type=N_KON_N, form=agrumes et rosiers"
"BSV_ZNA-PO_20190527_N2_cle048919"	"de Bouc, Bagnols en"	"forêt, Cimetière"	"forêt"	"américain de Dragui"	"17986-18002"	"type=N_PUN_N, form=forêt, Cimetière"
"BSV_ZNA-PO_20190527_N2_cle048919"	"Unité expérimentale"	"Entomologie et Forêt"	"Forêt"	"Méditerranéenne, Co"	"18164-18184"	"type=N_KON_N, form=Entomologie et Forêt"
"BSV_ZNA_2018_N09_cle4f1dfc"	"a surface verte des"	"aiguilles et le"	"aiguilles"	"feuillage prend alo"	"3153-3168"	"type=N_KON_N, form=aiguilles et le"
"BSV_ZNA_2018_N09_cle4f1dfc"	", Naturalis, Natura"	"Pro, Sou et Vigne"	"Vigne"	", Tournon sur Rhône,"	"7132-7149"	"type=N_PUN_N_KON_N, form=Pro, Sou et Vigne"
"BSV_ZNA_n_04_du_29_avril_2011_cle8fd486"	""	"Parcs, jardins"	"Parcs, jardins"	"et autres zones non"	"2-16"	"type=N_PUN_N, form=Parcs, jardins"
"BSV_ZNA_n_04_du_29_avril_2011_cle8fd486"	"ochaines semaines."	"Parcs, jardins"	"Parcs, jardins"	"et autres zones non"	"1986-2000"	"type=N_PUN_N, form=Parcs, jardins"
"BSV_ZNA_n_04_du_29_avril_2011_cle8fd486"	"entaires : Cnips du"	"Châtaignier et Charançon"	"Châtaignier"	"Rouge du Palmier. L"	"2609-2633"	"type=N_KON_N, form=Châtaignier et Charançon"
"BSV_ZNA_n_04_du_29_avril_2011_cle8fd486"	"de Santé du Végétal"	"Parcs, jardins"	"Parcs, jardins"	"et autres zones non"	"2776-2790"	"type=N_PUN_N, form=Parcs, jardins"
"BSV_ZNA_n_04_du_29_avril_2011_cle8fd486"	"on financière de :"	"Parcs, jardins"	"Parcs, jardins"	"et autres zones non"	"3706-3720"	"type=N_PUN_N, form=Parcs, jardins"
"BSV_ZNA_n_04_du_29_avril_2011_cle8fd486"	"ons (non visibles)"	"Parcs, jardins"	"Parcs, jardins"	"et autres zones non"	"5001-5015"	"type=N_PUN_N, form=Parcs, jardins"
"BSV_ZNA_n_04_du_29_avril_2011_cle8fd486"	"Palmiers attaqués"	"Parcs, jardins"	"Parcs, jardins"	"et autres zones non"	"7947-7961"	"type=N_PUN_N, form=Parcs, jardins"
"BSV_ZNA_n_05_du_31_mai_2013_cle0dcf4b"	"oles n° mai du 2013"	"Parcs, jardins et jardins"	"Parcs, jardins, jardins"	"autres zones non zo"	"48-73"	"type=N_PUN_N_KON_N, form=Parcs, jardins et jardins"
"BSV_ZNA_n_05_du_31_mai_2013_cle0dcf4b"	"oles n° mai du 2013"	"Parcs, jardins et jardins"	"Parcs, jardins, jardins"	"autres zones non zo"	"1814-1839"	"type=N_PUN_N_KON_N, form=Parcs, jardins et jardins"
"BSV_ZNA_n_05_du_31_mai_2013_cle0dcf4b"	"n(source internet)"	"Parcs, jardins"	"Parcs, jardins"	"et autres zones non"	"3362-3376"	"type=N_PUN_N, form=Parcs, jardins"
"BSV_ZNA_n_05_du_31_mai_2013_cle0dcf4b"	"semble des arbres."	"Parcs, jardins"	"Parcs, jardins"	"et autres zones non"	"4618-4632"	"type=N_PUN_N, form=Parcs, jardins"
"BSV_ZNA_n_05_du_31_mai_2013_cle0dcf4b"	"nitaire importants"	"Parcs, jardins"	"Parcs, jardins"	"et autres zones non"	"5431-5445"	"type=N_PUN_N, form=Parcs, jardins"
"BSV_ZNA_n_05_du_31_mai_2013_cle0dcf4b"	"t en place dans les"	"vergers et les"	"vergers"	"cultures légumières"	"8308-8322"	"type=N_KON_N, form=vergers et les"
"BSV_ZNA_n_05_du_31_mai_2013_cle0dcf4b"	"www.itsap.asso.fr"	"Parcs, jardins"	"Parcs, jardins"	"et autres zones non"	"8835-8849"	"type=N_PUN_N, form=Parcs, jardins"
"BSV_ZNA_n_05_du_31_mai_2013_cle0dcf4b"	"de santé du végétal"	"Parcs, jardins"	"Parcs, jardins"	"et autres zones non"	"9025-9039"	"type=N_PUN_N, form=Parcs, jardins"
"BSV_ZNA_n_13_du_21_septembre_2012_cle82a3a6"	""	"Parcs, jardins"	"Parcs, jardins"	"et autres zones non"	"2-16"	"type=N_PUN_N, form=Parcs, jardins"
"BSV_ZNA_n_13_du_21_septembre_2012_cle82a3a6"	"l'automne. Dans les"	"parcs et jardins"	"parcs, jardins"	", elle peut nuire à"	"1211-1227"	"type=N_KON_N, form=parcs et jardins"
"BSV_ZNA_n_13_du_21_septembre_2012_cle82a3a6"	"es source internet"	"Parcs, jardins"	"Parcs, jardins"	"et autres zones non"	"1787-1801"	"type=N_PUN_N, form=Parcs, jardins"
"BSV_ZNA_n_13_du_21_septembre_2012_cle82a3a6"	"ent du champignon."	"Parcs, jardins"	"Parcs, jardins"	"et autres zones non"	"3533-3547"	"type=N_PUN_N, form=Parcs, jardins"
"BSV_ZNA_n_13_du_21_septembre_2012_cle82a3a6"	"Gazon A surveiller"	"Parcs, jardins"	"Parcs, jardins"	"et autres zones non"	"4746-4760"	"type=N_PUN_N, form=Parcs, jardins"
"BSV_ZNA_n_13_du_21_septembre_2012_cle82a3a6"	"t en place dans les"	"vergers et
les"	"vergers"	"cultures légumières"	"6508-6522"	"type=N_KON_N, form=vergers et
les"
"BSV_ZNA_n_13_du_21_septembre_2012_cle82a3a6"	"de santé du végétal"	"Parcs, jardins"	"Parcs, jardins"	"et autres zones non"	"7157-7171"	"type=N_PUN_N, form=Parcs, jardins"
"BSV_arboriculture_25_du_23_05_19_cle077bda"	"ns 7 Carpocapse des"	"pommiers et poiriers"	"pommiers, poiriers"	"(Cydia pomonella)"	"1677-1697"	"type=N_KON_N, form=pommiers et poiriers"
"BSV_arboriculture_25_du_23_05_19_cle077bda"	"puceron lanigère du"	"pommier, puceron"	"pommier"	"mauve du poirier: A"	"2579-2595"	"type=N_PUN_N, form=pommier, puceron"
"BSV_arboriculture_25_du_23_05_19_cle077bda"	"t, sur les variétés"	"Golden et Pink"	"Golden"	"Lady, mais la situa"	"10264-10278"	"type=N_KON_N, form=Golden et Pink"
"BSV_arboriculture_25_du_23_05_19_cle077bda"	"e du carpocapse des"	"pommes et poires"	"pommes, poires"	"en cliquant sur ce"	"19359-19375"	"type=N_KON_N, form=pommes et poires"
"BSV_arboriculture_25_du_23_05_19_cle077bda"	"variétés Belchard,"	"Gala et Jazz"	"Gala"	"mais aussi en verge"	"27312-27324"	"type=N_KON_N, form=Gala et Jazz"
"BSV_arboriculture_25_du_23_05_19_cle077bda"	"nectria : Delicious"	"rouges, Reinettes, Gala"	"Gala"	", Breaburn, Conféren"	"28046-28069"	"type=N_PUN_N, form=rouges, Reinettes, Gala"
"BSV_arboriculture_25_du_23_05_19_cle077bda"	"catif de risque Sur"	"pommier, le"	"pommier"	"seuil indicatif de"	"30572-30583"	"type=N_PUN_N, form=pommier, le"
"BSV_arboriculture_25_du_23_05_19_cle077bda"	"catif de risque Sur"	"pommier, le"	"pommier"	"seuil indicatif de"	"31688-31699"	"type=N_PUN_N, form=pommier, le"
"BSV_arboriculture_25_du_23_05_19_cle077bda"	"ûre de ponte sur la"	"cerise et un"	"cerise"	"asticot sera bien v"	"36334-36346"	"type=N_KON_N, form=cerise et un"
"BSV_arboriculture_25_du_23_05_19_cle077bda"	"sont à évacuer des"	"potagers et vergers"	"potagers, vergers"	": il faut les détru"	"38375-38394"	"type=N_KON_N, form=potagers et vergers"
"BSV_arboriculture_25_du_23_05_19_cle077bda"	"us rouge, Belchard,"	"Gala, Reinettes"	"Gala"	", Breaburn, Conféren"	"45350-45365"	"type=N_PUN_N, form=Gala, Reinettes"
"BSV_arboriculture_25_du_23_05_19_cle077bda"	"e du carpocapse des"	"pommes et poires"	"pommes, poires"	"Tableau récapitulat"	"47865-47881"	"type=N_KON_N, form=pommes et poires"
"BSV_arboriculture_31_du_20_06_19_cle016821"	"ns 4 Carpocapse des"	"pommiers et poiriers"	"pommiers, poiriers"	"(Cydia pomonella)"	"1486-1506"	"type=N_KON_N, form=pommiers et poiriers"
"BSV_arboriculture_31_du_20_06_19_cle016821"	"rsistent. Sésie des"	"pommes, zeuzère"	"pommes"	"et cossus : le vol"	"2402-2417"	"type=N_PUN_N, form=pommes, zeuzère"
"BSV_arboriculture_31_du_20_06_19_cle016821"	"celle de référence ("	"pommier et poirier"	"pommier, poirier"	") font remonter la p"	"9175-9193"	"type=N_KON_N, form=pommier et poirier"
"BSV_arboriculture_31_du_20_06_19_cle016821"	"on des fruits : les"	"pommes et poires"	"pommes, poires"	"piquées prennent un"	"9432-9448"	"type=N_KON_N, form=pommes et poires"
"BSV_arboriculture_31_du_20_06_19_cle016821"	"e du carpocapse des"	"pommes et poires"	"pommes, poires"	"en cliquant sur ce"	"10305-10321"	"type=N_KON_N, form=pommes et poires"
"BSV_arboriculture_31_du_20_06_19_cle016821"	"s). Dans les jeunes"	"vergers, le"	"vergers"	"seuil indicatif est"	"19990-20001"	"type=N_PUN_N, form=vergers, le"
"BSV_arboriculture_31_du_20_06_19_cle016821"	"catif de risque Sur"	"pommier, le"	"pommier"	"seuil indicatif de"	"22856-22867"	"type=N_PUN_N, form=pommier, le"
"BSV_arboriculture_31_du_20_06_19_cle016821"	"catif de risque Sur"	"pommier, le"	"pommier"	"seuil indicatif de"	"24888-24899"	"type=N_PUN_N, form=pommier, le"
"BSV_arboriculture_31_du_20_06_19_cle016821"	"sont à évacuer des"	"potagers et vergers"	"potagers, vergers"	": il faut les détru"	"30084-30103"	"type=N_KON_N, form=potagers et vergers"
"BSV_arboriculture_31_du_20_06_19_cle016821"	"e du carpocapse des"	"pommes et poires"	"pommes, poires"	"Tableau r"	"37506-37522"	"type=N_KON_N, form=pommes et poires"
"BSV_ge_legumes_no11_du_01-07-20_cle497eed"	"à risque : chou de"	"Milan, chou"	"chou"	"à inflorescence, ch"	"16742-16753"	"type=N_PUN_N, form=Milan, chou"
"BSV_ge_legumes_no11_du_01-07-20_cle497eed"	"es autres cultures ("	"poivron, tomate, concombre, courgette"	"poivron, tomate, concombre, courgette"	"), aucun puceron n'a"	"41207-41244"	"type=N_PUN_N, form=poivron, tomate, concombre, courgette"
"BSV_ge_legumes_no11_du_01-07-20_cle497eed"	"z vigilants sur les"	"aubergines et poivrons"	"aubergines, poivrons"	"qui sont les cultur"	"41953-41975"	"type=N_KON_N, form=aubergines et poivrons"
"BSV_legumes_03_cle872d86"	"Cultures sous abris"	"froids et maraîchage"	"maraîchage"	"traditionnel ......"	"234-254"	"type=N_KON_N, form=froids et maraîchage"
"BSV_legumes_03_cle872d86"	".... ........... 12"	"Carotte, céleri, persil"	"Carotte, céleri, persil"	"..................."	"1236-1259"	"type=N_PUN_N, form=Carotte, céleri, persil"
"BSV_legumes_03_cle872d86"	"ineuse des alliums ("	"Poireau et oignon"	"Poireau, oignon"	") : poursuite de l'a"	"1414-1431"	"type=N_KON_N, form=Poireau et oignon"
"BSV_legumes_03_cle872d86"	"s de capture.Mouche"	"oignon et Mouche"	"oignon"	"des semis : l'activ"	"1505-1521"	"type=N_KON_N, form=oignon et Mouche"
"BSV_legumes_03_cle872d86"	"Cultures sous abris"	"froids et maraîchage"	"maraîchage"	"traditionnelMouche"	"1586-1606"	"type=N_KON_N, form=froids et maraîchage"
"BSV_legumes_03_cle872d86"	"abri Septoriose sur"	"céleri et persil"	"céleri, persil"	"Bulletin rédigé par"	"2054-2070"	"type=N_KON_N, form=céleri et persil"
"BSV_legumes_03_cle872d86"	"Cultures sous abris"	"froids et maraîchage"	"maraîchage"	"traditionnel Compos"	"9048-9068"	"type=N_KON_N, form=froids et maraîchage"
"BSV_legumes_03_cle872d86"	"erons. Ombellifères"	"Carotte, céleri, persil"	"Carotte, céleri, persil"	"Composition du rése"	"29167-29190"	"type=N_PUN_N, form=Carotte, céleri, persil"
"BSV_legumes_03_cle872d86"	"erciale surtout sur"	"persil et céleri"	"persil, céleri"	"et à un moindre deg"	"31224-31240"	"type=N_KON_N, form=persil et céleri"
"BSV_legumes_03_du_03-04-19_cle4b43ee"	"Cultures sous abris"	"froid et maraîchage"	"maraîchage"	"traditionnel"	"1377-1396"	"type=N_KON_N, form=froid et maraîchage"
"BSV_legumes_03_du_03-04-19_cle4b43ee"	"rcelles des réseaux"	"oignon et poireau"	"oignon, poireau"	"Etat général Depuis"	"2215-2232"	"type=N_KON_N, form=oignon et poireau"
"BSV_legumes_03_du_03-04-19_cle4b43ee"	"es plants d'allium ("	"oignon, poireau, oignon"	"oignon, poireau, oignon"	"bulbille, échalote,"	"3428-3451"	"type=N_PUN_N, form=oignon, poireau, oignon"
"BSV_legumes_03_du_03-04-19_cle4b43ee"	"on, poireau, oignon"	"bulbille, échalote"	"échalote"	", ). L'activité de l"	"3452-3470"	"type=N_PUN_N, form=bulbille, échalote"
"BSV_legumes_03_du_03-04-19_cle4b43ee"	"Cultures sous abris"	"froid et maraîchage"	"maraîchage"	"traditionnel SALADE"	"5485-5504"	"type=N_KON_N, form=froid et maraîchage"
"BSV_legumes_03_du_03-04-19_cle4b43ee"	"ertains précédents ("	"céréales, lin"	"céréales, lin"	", crucifères, légumi"	"12151-12164"	"type=N_PUN_N, form=céréales, lin"
"BSV_legumes_03_du_03-04-19_cle4b43ee"	"démarré.- Pour les"	"oignons et échalotes"	"oignons, échalotes"	"bulbilles, le risqu"	"16532-16552"	"type=N_KON_N, form=oignons et échalotes"
"BSV_legumes_03_du_03-04-19_cle4b43ee"	"que non démarré sur"	"oignons et bulbilles"	"oignons"	"d'alliums implantés"	"17287-17307"	"type=N_KON_N, form=oignons et bulbilles"
"BSV_legumes_05_cle827cb7-1"	"Cultures sous abris"	"froids et maraîchage"	"maraîchage"	"traditionnel ......"	"1208-1228"	"type=N_KON_N, form=froids et maraîchage"
"BSV_legumes_05_cle827cb7-1"	"......... 15 Oignon-"	"échalote et pomme"	"échalote"	"de terre primeur .."	"2593-2610"	"type=N_KON_N, form=échalote et pomme"
"BSV_legumes_05_cle827cb7-1"	"ques dégâts de gel ("	"tomate, concombre"	"tomate, concombre"	"abri, radis plein c"	"3481-3498"	"type=N_PUN_N, form=tomate, concombre"
"BSV_legumes_05_cle827cb7-1"	"(tomate, concombre"	"abri, radis"	"radis"	"plein champ). Ombel"	"3499-3510"	"type=N_PUN_N, form=abri, radis"
"BSV_legumes_05_cle827cb7-1"	"Arches, Ferme de la"	"Motte, Oignon"	"Oignon"	"de Beauce, SCEE Jan"	"4198-4211"	"type=N_PUN_N, form=Motte, Oignon"
"BSV_legumes_05_cle827cb7-1"	"cultures d'alliums ("	"oignons, échalote, poireau"	"oignons, échalote, poireau"	"). Toutefois, l'arr"	"6427-6453"	"type=N_PUN_N, form=oignons, échalote, poireau"
"BSV_legumes_05_cle827cb7-1"	"es plants d'allium ("	"oignon, poireau, oignon"	"oignon, poireau, oignon"	"bulbille, échalote)"	"7922-7945"	"type=N_PUN_N, form=oignon, poireau, oignon"
"BSV_legumes_05_cle827cb7-1"	"on, poireau, oignon"	"bulbille, échalote"	"échalote"	"). L'activité de la"	"7946-7964"	"type=N_PUN_N, form=bulbille, échalote"
"BSV_legumes_05_cle827cb7-1"	"Cultures sous abris"	"froids et maraîchage"	"maraîchage"	"traditionnel"	"22035-22055"	"type=N_KON_N, form=froids et maraîchage"
"BSV_legumes_05_cle827cb7-1"	"ertains précédents ("	"céréales, lin"	"céréales, lin"	", crucifères, légumi"	"30852-30865"	"type=N_PUN_N, form=céréales, lin"
"BSV_legumes_05_cle827cb7-1"	"u 26/04/2017 Oignon-"	"échalote et pomme"	"échalote"	"de terre primeur"	"39912-39929"	"type=N_KON_N, form=échalote et pomme"
"BSV_legumes_05_cle827cb7-1"	"me Démarrage risque"	"bulbille et Oignon"	"Oignon"	"semis précoce sorti"	"44763-44781"	"type=N_KON_N, form=bulbille et Oignon"
"BSV_legumes_05_cle827cb7-1"	"Pour les bulbilles ("	"oignon et échalote"	"oignon, échalote"	") et les oignons de"	"45733-45751"	"type=N_KON_N, form=oignon et échalote"
"BSV_legumes_05_cle827cb7-1"	"catif de risque Sur"	"oignon, les"	"oignon"	"thrips sont souvent"	"47955-47966"	"type=N_PUN_N, form=oignon, les"
"BSV_legumes_12_du_22-07-20__cle0bb819"	"Cultures sous abris"	"froid et maraîchage"	"maraîchage"	"traditionnel 9 Sala"	"1222-1241"	"type=N_KON_N, form=froid et maraîchage"
"BSV_legumes_12_du_22-07-20__cle0bb819"	"l 9 Salade 9 Chou 9"	"Solanacees et concombre"	"concombre"	"10 Fraisiers 13 Fra"	"1273-1296"	"type=N_KON_N, form=Solanacees et concombre"
"BSV_legumes_12_du_22-07-20__cle0bb819"	"e du chou en cours."	"Solanacées et concombre"	"concombre"	": attention aux puc"	"1881-1904"	"type=N_KON_N, form=Solanacées et concombre"
"BSV_legumes_12_du_22-07-20__cle0bb819"	"faible sur tous les"	"oignons et échalote"	"oignons, échalote"	"sur la région. Poir"	"2282-2301"	"type=N_KON_N, form=oignons et échalote"
"BSV_legumes_12_du_22-07-20__cle0bb819"	"rotations pomme de"	"terre, maïs, légumes"	"maïs, légumes"	". Prévision globale"	"10020-10040"	"type=N_PUN_N, form=terre, maïs, légumes"
"BSV_legumes_12_du_22-07-20__cle0bb819"	"Cultures sous abris"	"froid et maraîchage"	"maraîchage"	"traditionnel SALADE"	"14746-14765"	"type=N_KON_N, form=froid et maraîchage"
"BSV_legumes_12_du_22-07-20__cle0bb819"	"2020 THRIPS SP . ("	"AUBERGINE ,
POIVRON"	"AUBERGINE, POIVRON"	"ET CONCOMBRE ) Etat"	"18584-18603"	"type=N_PUN_N, form=AUBERGINE ,
POIVRON"
"BSV_legumes_12_du_22-07-20__cle0bb819"	"ignalés sur oignons"	"bulbilles et oignons"	"oignons"	"semis précoces dans"	"29346-29366"	"type=N_KON_N, form=bulbilles et oignons"
"BSV_legumes_12_du_22-07-20__cle0bb819"	"temps "" et bulbille"	"oignon et échalote"	"oignon, échalote"	""" printemps "" à pro"	"34490-34508"	"type=N_KON_N, form=oignon et échalote"
"BSV_legumes_12_du_26-06-19__cle047171"	"Cultures sous abris"	"froid et maraîchage"	"maraîchage"	"traditionnel 4 Obse"	"243-262"	"type=N_KON_N, form=froid et maraîchage"
"BSV_legumes_12_du_26-06-19__cle047171"	"4"	"solanacées et concombre"	"concombre"	"5"	"1490-1513"	"type=N_KON_N, form=solanacées et concombre"
"BSV_legumes_12_du_26-06-19__cle047171"	"'humidité de l'air."	"Solanacées et concombre"	"concombre"	": attention aux puc"	"2030-2053"	"type=N_KON_N, form=Solanacées et concombre"
"BSV_legumes_12_du_26-06-19__cle047171"	"es plants d'allium ("	"oignon, poireau, oignon"	"oignon, poireau, oignon"	"bulbille, échalote,"	"2986-3009"	"type=N_PUN_N, form=oignon, poireau, oignon"
"BSV_legumes_12_du_26-06-19__cle047171"	"on, poireau, oignon"	"bulbille, échalote"	"échalote"	", ). L'activité de l"	"3010-3028"	"type=N_PUN_N, form=bulbille, échalote"
"BSV_legumes_12_du_26-06-19__cle047171"	"Cultures sous abris"	"froid et maraîchage"	"maraîchage"	"traditionnel SALADE"	"8002-8021"	"type=N_KON_N, form=froid et maraîchage"
"BSV_legumes_12_du_26-06-19__cle047171"	"AUBERGINE ,"	"POIVRON , CONCOMBRE"	"POIVRON, CONCOMBRE"	") Etat général"	"8696-8715"	"type=N_PUN_N, form=POIVRON , CONCOMBRE"
"BSV_legumes_12_du_26-06-19__cle047171"	"AUBERGINE ,"	"POIVRON , CONCOMBRE"	"POIVRON, CONCOMBRE"	") Etat général"	"13051-13070"	"type=N_PUN_N, form=POIVRON , CONCOMBRE"
"BSV_legumes_12_du_26-06-19__cle047171"	"Pour les bulbilles ("	"oignon et échalote"	"oignon, échalote"	") et les oignons de"	"20857-20875"	"type=N_KON_N, form=oignon et échalote"
"BSV_legumes_12_du_26-06-19__cle047171"	"uin 2019 : Pour les"	"oignons et échalotes"	"oignons, échalotes"	"bulbilles ainsi que"	"21210-21230"	"type=N_KON_N, form=oignons et échalotes"
"BSV_legumes_12_du_26-06-19__cle047171"	"arcelles du réseau ("	"oignons et échalotes"	"oignons, échalotes"	"). On observe jusqu'"	"23819-23839"	"type=N_KON_N, form=oignons et échalotes"
"BSV_legumes_15_cle8b2b14-1"	"Cultures sous abris"	"froids et maraîchage"	"maraîchage"	"traditionnel ......"	"668-688"	"type=N_KON_N, form=froids et maraîchage"
"BSV_legumes_15_cle8b2b14-1"	"....... 9"	"Solanacées et concombres"	"concombres"	"..................."	"993-1017"	"type=N_KON_N, form=Solanacées et concombres"
"BSV_legumes_15_cle8b2b14-1"	"..... 19 Oignon-"	"échalote et pomme"	"échalote"	"de terre primeur .."	"1847-1864"	"type=N_KON_N, form=échalote et pomme"
"BSV_legumes_15_cle8b2b14-1"	"le Loiret."	"Solanacées et concombres"	"concombres"	": attention aux aca"	"2570-2594"	"type=N_KON_N, form=Solanacées et concombres"
"BSV_legumes_15_cle8b2b14-1"	"e et septoriose sur"	"carotte et persil"	"carotte, persil"	". Oignon : modél"	"2986-3003"	"type=N_KON_N, form=carotte et persil"
"BSV_legumes_15_cle8b2b14-1"	"Arches, Ferme de la"	"Motte, Oignon"	"Oignon"	"de Beauce, SCEE Jan"	"3401-3414"	"type=N_PUN_N, form=Motte, Oignon"
"BSV_legumes_15_cle8b2b14-1"	"es plants d'allium ("	"oignon, poireau, bulbille, échalote"	"oignon, poireau, échalote"	"). L'activité de la"	"5590-5625"	"type=N_PUN_N, form=oignon, poireau, bulbille, échalote"
"BSV_legumes_15_cle8b2b14-1"	"la noctuelle de la"	"tomate, espèce"	"tomate"	"polyphage s'attaqua"	"7820-7834"	"type=N_PUN_N, form=tomate, espèce"
"BSV_legumes_15_cle8b2b14-1"	"Cultures sous abris"	"froids et maraîchage"	"maraîchage"	"traditionnel"	"20658-20678"	"type=N_KON_N, form=froids et maraîchage"
"BSV_legumes_15_cle8b2b14-1"	"es secteurs"	"Solanacées et concombres"	"concombres"	"Compositi"	"27343-27367"	"type=N_KON_N, form=Solanacées et concombres"
"BSV_legumes_15_cle8b2b14-1"	"OMATE , AUBERGINE ,"	"POIVRON , CONCOMBRE"	"POIVRON, CONCOMBRE"	") Etat général"	"29745-29764"	"type=N_PUN_N, form=POIVRON , CONCOMBRE"
"BSV_legumes_15_cle8b2b14-1"	"OMATE , AUBERGINE ,"	"POIVRON , CONCOMBRE"	"POIVRON, CONCOMBRE"	") Etat général"	"30355-30374"	"type=N_PUN_N, form=POIVRON , CONCOMBRE"
"BSV_legumes_15_cle8b2b14-1"	"situations. Oignon-"	"échalote et pomme"	"échalote"	"de terre primeur"	"48097-48114"	"type=N_KON_N, form=échalote et pomme"
"BSV_legumes_15_cle8b2b14-1"	"Pour les bulbilles ("	"oignon et échalote"	"oignon, échalote"	") et les oignons de"	"52537-52555"	"type=N_KON_N, form=oignon et échalote"
"BSV_legumes_15_cle8b2b14-1"	"catif de risque Sur"	"oignon, les"	"oignon"	"thrips sont souvent"	"54628-54639"	"type=N_PUN_N, form=oignon, les"
"BSV_legumes_15_cle8b2b14-1"	"commandée (carotte,"	"épinard, laitue"	"épinard, laitue"	", ). DIVERS Bactério"	"55873-55888"	"type=N_PUN_N, form=épinard, laitue"
"BSV_legumes_15_cle8b2b14-1"	"du Loiret (oignons"	"bulbilles et oignons"	"oignons"	"semis). Après la ré"	"55990-56010"	"type=N_KON_N, form=bulbilles et oignons"
"BSV_legumes_allium_pomme_de_terre_AURA_2020-9_cle0d26da"	"urode Oignon en sec/"	"bulbe, Oignon"	"Oignon"	"en vert/printemps M"	"1071-1084"	"type=N_PUN_N, form=bulbe, Oignon"
"BSV_legumes_allium_pomme_de_terre_AURA_2020-9_cle0d26da"	"le tissé ou non) en"	"pépinière, fauchage"	"pépinière"	"des abords. Eviter"	"4707-4726"	"type=N_PUN_N, form=pépinière, fauchage"
"BSV_legumes_allium_pomme_de_terre_AURA_2020-9_cle0d26da"	"attaque surtout aux"	"salades, chicorées et asperges(attention"	"salades, chicorées"	"aussi aux adventice"	"6595-6635"	"type=N_PUN_N_KON_N, form=salades, chicorées et asperges(attention"
"BSV_legumes_allium_pomme_de_terre_AURA_2020-9_cle0d26da"	"lité variétale. Les"	"batavias et les"	"batavias"	"laitues sont plus s"	"8163-8178"	"type=N_KON_N, form=batavias et les"
"BSV_legumes_allium_pomme_de_terre_AURA_2020-9_cle0d26da"	"en particulier les"	"tomates et les"	"tomates"	"poivrons. Il a"	"27413-27427"	"type=N_KON_N, form=tomates et les"
"BSV_maraichage_no20_du_23_Octobre_2020_cle81e1d1"	"tat sur cultures de"	"tomate et poivron"	"tomate, poivron"	"/piment : Un arrêté"	"8460-8477"	"type=N_KON_N, form=tomate et poivron"
"BSV_no13_du_15-05-18_cle01162f"	"elles en bordure de"	"bois, un"	"bois"	"précédent cultural"	"19645-19653"	"type=N_PUN_N, form=bois, un"
"BSV_no31_du_05-11-19_cle05121a"	"s à risque étant le"	"colza,
La"	"colza"	"présence de résidus"	"7006-7015"	"type=N_PUN_N, form=colza,
La"
"BSV_no7_du_31-03-20_cle835128"	"s dans la rotation ("	"pois, luzerne, colza"	"pois, luzerne, colza"	", ). Une attention p"	"8443-8463"	"type=N_PUN_N, form=pois, luzerne, colza"
"BSV_no7_du_31-03-20_cle835128"	"(retour fréquent de"	"blé, variété"	"blé"	"sensible, piétin-ve"	"10051-10063"	"type=N_PUN_N, form=blé, variété"
"BSV_no7_du_31-03-20_cle835128"	"quence de retour du"	"blé, travail"	"blé"	"du sol), le climat"	"13562-13574"	"type=N_PUN_N, form=blé, travail"
"BSV_oleagineux_16_cle0c1a18-1"	"ançon de la tige du"	"colza, les"	"colza"	"conditions climatiq"	"3640-3650"	"type=N_PUN_N, form=colza, les"
"BSV_petits-fruits-2019_N05_cle41f1d8"	"au développement du"	"champignon et l'enlèvement"	"champignon"	"des premiers fruits"	"3090-3116"	"type=N_KON_N, form=champignon et l'enlèvement"
"BSV_petits-fruits-2019_N05_cle41f1d8"	"ièges installés sur"	"fraise et framboise"	"fraise, framboise"	"sur tous les secteu"	"8400-8419"	"type=N_KON_N, form=fraise et framboise"
"BSV_petits-fruits-2019_N05_cle41f1d8"	"sur fruits dans les"	"fraises et les"	"fraises"	"framboises ; ces la"	"8860-8874"	"type=N_KON_N, form=fraises et les"
"BSV_petits-fruits-2019_N05_cle41f1d8"	"e terminée), fraise"	"remontante, framboise"	"framboise"	"de saison, frambois"	"9044-9065"	"type=N_PUN_N, form=remontante, framboise"
"BSV_petits-fruits-2019_N05_cle41f1d8"	"tante, framboise de"	"saison, framboise"	"framboise"	"remontante et myrti"	"9069-9086"	"type=N_PUN_N, form=saison, framboise"
"BSV_petits-fruits-2019_N05_cle41f1d8"	"e saison, framboise"	"remontante et myrtille"	"myrtille"	"mais ils ne sont pa"	"9087-9109"	"type=N_KON_N, form=remontante et myrtille"
"BSV_pomme_de_terre_8_du_10_mai_2016_cle0127ee"	"nnement (sur tas de"	"déchets, repousses, jardins"	"jardins"	"). Pour que le seuil"	"5374-5401"	"type=N_PUN_N, form=déchets, repousses, jardins"
"BSVcampagnols10_cle06d1a1"	"éalisées en grandes"	"cultures, arboriculture et zones"	"arboriculture"	"non agricoles. Les"	"234-266"	"type=N_PUN_N_KON_N, form=cultures, arboriculture et zones"
"BSVcampagnols10_cle06d1a1"	"tion du rongeur. En"	"arboriculture, les"	"arboriculture"	"campagnols sont pré"	"7367-7385"	"type=N_PUN_N, form=arboriculture, les"
"BSVcampagnols10_cle06d1a1"	"e, haie, lisière de"	"forêt, fossé, berge"	"forêt"	"des cours d'eau, et"	"8498-8517"	"type=N_PUN_N, form=forêt, fossé, berge"
"BSVcampagnols10_cle06d1a1"	"urveillance grandes"	"cultures, arboriculture, viticulture, maraichage et zones"	"arboriculture, viticulture, maraichage"	"non agricoles lorra"	"11492-11549"	"type=N_PUN_N_KON_N, form=cultures, arboriculture, viticulture, maraichage et zones"
"BSVcampagnols3_cle8d3542"	"haies, bordures de"	"forêts, perchoirs"	"forêts"	") ont un impact sur"	"3181-3198"	"type=N_PUN_N, form=forêts, perchoirs"
"BSVcampagnols3_cle8d3542"	"icoles (terrains de"	"golf, parcs et jardins"	"parcs, jardins"	"publics, cimetières"	"9411-9433"	"type=N_PUN_N_KON_N, form=golf, parcs et jardins"
"BSVcampagnols3_cle8d3542"	"ones en lisières de"	"forêts et les"	"forêts"	"pelouses irriguées."	"9675-9688"	"type=N_KON_N, form=forêts et les"
"BSVcampagnols3_cle8d3542"	"urveillance grandes"	"cultures, arboriculture, viticulture, maraichage et zones"	"arboriculture, viticulture, maraichage"	"non agricoles lorra"	"16613-16670"	"type=N_PUN_N_KON_N, form=cultures, arboriculture, viticulture, maraichage et zones"
"BSVleg_n10_2017_cle03fb85"	"moyen mais variable"	"Solanacées et concombre"	"concombre"	"d'abri Forte présen"	"1235-1258"	"type=N_KON_N, form=Solanacées et concombre"
"BSVleg_n10_2017_cle03fb85"	"e saisons (carotte,"	"choux, pomme"	"choux"	"de terre) ces pluie"	"1806-1818"	"type=N_PUN_N, form=choux, pomme"
"BSVleg_n10_2017_cle03fb85"	"chaudes et sèches."	"Solanacées et concombre"	"concombre"	"d'abri Les observat"	"2191-2214"	"type=N_KON_N, form=Solanacées et concombre"
"BSVleg_n10_2017_cle03fb85"	"ions variables. Sur"	"poivron et aubergine"	"poivron, aubergine"	"d'importantes attaq"	"2869-2889"	"type=N_KON_N, form=poivron et aubergine"
"BSVleg_n10_2017_cle03fb85"	"les et la mouche du"	"chou, les"	"chou"	"filets de protectio"	"7249-7258"	"type=N_PUN_N, form=chou, les"
"BULLETIN_DE_SANTE_DU_VEGETAL_GC_2013-_No10_-_30_avril_2013_cle858e15"	"nce. Graminées dans"	"colza, suspicion"	"colza"	"de résistance photo"	"11581-11597"	"type=N_PUN_N, form=colza, suspicion"
"BULLETIN_DE_SANTE_DU_VEGETAL_GC_2013-_No14_-_28_MAI_2013_cle4c4dec"	"par les graines de"	"ray-grass, bromes"	"ray-grass, bromes"	", vulpins, ou d'ergo"	"496-513"	"type=N_PUN_N, form=ray-grass, bromes"
"BULLETIN_DE_SANTE_DU_VEGETAL_GC_2013-_No20_-_9_JUILLET_2013_cle8e731d"	"tenant visibles sur"	"blé et triticale"	"blé, triticale"	". Ergot sur blé sur"	"2287-2303"	"type=N_KON_N, form=blé et triticale"
"BULLETIN_DE_SANTE_DU_VEGETAL_GC_2013-_No20_-_9_JUILLET_2013_cle8e731d"	"celles de céréales ("	"blé, orge, triticale, seigle"	"blé, orge, triticale, seigle"	") et notamment celle"	"4953-4981"	"type=N_PUN_N, form=blé, orge, triticale, seigle"
"Note_nat-_BSV_Aromia_bungii_juin_2018_v2_cle09d4e1"	"rnées Arboriculture"	"fruitière, pépinières"	"fruitière, pépinières"	"d'ornement, jardins"	"121-142"	"type=N_PUN_N, form=fruitière, pépinières"
"Note_nat-_BSV_Aromia_bungii_juin_2018_v2_cle09d4e1"	"uitière, pépinières"	"d'ornement, jardins et espaces"	"jardins"	"verts, forêts. Dist"	"143-173"	"type=N_PUN_N_KON_N, form=d'ornement, jardins et espaces"
"Note_nat-_BSV_Aromia_bungii_juin_2018_v2_cle09d4e1"	"jardins et espaces"	"verts, forêts"	"forêts"	". Distribution géogr"	"174-187"	"type=N_PUN_N, form=verts, forêts"
"Note_nat-_BSV_Aromia_bungii_juin_2018_v2_cle09d4e1"	"ntroduction sont le"	"bois et les"	"bois"	"produits faits de b"	"1201-1212"	"type=N_KON_N, form=bois et les"
"Note_nat-_BSV_Aromia_bungii_juin_2018_v2_cle09d4e1"	"s produits faits de"	"bois, les"	"bois"	"matériaux d'emballa"	"1231-1240"	"type=N_PUN_N, form=bois, les"
"Note_nat-_BSV_Aromia_bungii_juin_2018_v2_cle09d4e1"	"iaux d'emballage en"	"bois et les"	"bois"	"plants de pépinière"	"1266-1277"	"type=N_KON_N, form=bois et les"
"Note_nationale_meth_alternative_adventices_GC_validee-2_cle06dc5b"	"ent fréquemment les"	"céréales et le"	"céréales"	"colza d'hiver ; les"	"1016-1030"	"type=N_KON_N, form=céréales et le"
"Note_nationale_meth_alternative_adventices_GC_validee-2_cle06dc5b"	"tes (ex : colza-blé-"	"orge, monoculture"	"orge"	"de maïs ou de blé,"	"2110-2127"	"type=N_PUN_N, form=orge, monoculture"
"Note_nationale_meth_alternative_adventices_GC_validee-2_cle06dc5b"	"lture de maïs ou de"	"blé, maïs"	"blé, maïs"	"-soja). Elle sera d'"	"2142-2151"	"type=N_PUN_N, form=blé, maïs"
"Note_nationale_meth_alternative_adventices_GC_validee-2_cle06dc5b"	"têtes de rotation ("	"luzerne, prairies"	"luzerne, prairies"	") et s'appuient sur"	"2430-2447"	"type=N_PUN_N, form=luzerne, prairies"
"Note_nationale_meth_alternative_adventices_GC_validee-2_cle06dc5b"	"ventices d'automne ("	"bromes et ray-grass"	"bromes, ray-grass"	"notamment) et certa"	"5641-5660"	"type=N_KON_N, form=bromes et ray-grass"
"Note_nationale_meth_alternative_adventices_GC_validee-2_cle06dc5b"	"s céréales d'hiver ("	"blé et orge"	"blé, orge"	"), cette technique c"	"8523-8534"	"type=N_KON_N, form=blé et orge"
"Note_nationale_meth_alternative_adventices_GC_validee-2_cle06dc5b"	"hé : déchaussage du"	"tournesol, sarclage, buttage"	"tournesol"	". Pour une efficacit"	"22733-22761"	"type=N_PUN_N, form=tournesol, sarclage, buttage"
"als_Grandes_Cultures_no10_2016-04-26_cle4d3231"	"a dans la rotation ("	"colza, tournesol, soja, pois"	"colza, tournesol, soja, pois"	"),- Les attaques re"	"2353-2381"	"type=N_PUN_N, form=colza, tournesol, soja, pois"
"bsv_13_pdt_21_juin_cle8d177f-1"	"os Syral, Ferme des"	"Tilleuls, FREDON"	"Tilleuls"	"Picardie, GC la Pom"	"6044-6060"	"type=N_PUN_N, form=Tilleuls, FREDON"
"bsv_13_pdt_21_juin_cle8d177f-1"	"PM France, Mc Cain,"	"Roquette, Sana"	"Roquette"	"Terra, Terre de Fra"	"6133-6147"	"type=N_PUN_N, form=Roquette, Sana"
"bsv_ail_mp_n11_06062019_cle816b36"	"r ail rose. Sur ail"	"rose, les"	"rose"	"interventions d'abl"	"1442-1451"	"type=N_PUN_N, form=rose, les"
"bsv_arbo_75_2015_cle429b97"	"installeront sur le"	"pommier et les"	"pommier"	"femelles y déposero"	"8453-8467"	"type=N_KON_N, form=pommier et les"
"bsv_arbo_75_2015_cle429b97"	"présence de bois à"	"proximité, vergers"	"vergers"	"vigoureux), il est"	"13624-13642"	"type=N_PUN_N, form=proximité, vergers"
"bsv_grandes_cultures_n27_18052017_cle88cbb1-1"	"s parcelles de maïs"	"grain et fourrage"	"fourrage"	"est terminé, hormis"	"10745-10762"	"type=N_KON_N, form=grain et fourrage"
"bsv_maraichage_no11_du_05_Juin_2020_cle012212"	"cultures suivantes ("	"salades, aubergines"	"salades, aubergines"	") BSV n° 11 du 05/0"	"14333-14352"	"type=N_PUN_N, form=salades, aubergines"
"bsv_maraichage_no11_du_05_Juin_2020_cle012212"	"tat sur cultures de"	"tomate et poivron"	"tomate, poivron"	"/piment Un arrêté m"	"18849-18866"	"type=N_KON_N, form=tomate et poivron"
"bsv_maraichage_no11_du_05_Juin_2020_cle012212"	"ès la nouaison. Sur"	"melon, les"	"melon"	"plantes affectées m"	"47780-47790"	"type=N_PUN_N, form=melon, les"
"bsv_maraichage_no11_du_05_Juin_2020_cle012212"	"seron en culture de"	"melon, source"	"melon"	"CA84 BSV n°11 du 05"	"49199-49212"	"type=N_PUN_N, form=melon, source"
"bsv_maraichage_no11_du_05_Juin_2020_cle012212"	"airement à d'autres"	"champignons, l'oïdium"	"champignons"	"n'a pas besoin d'un"	"57006-57027"	"type=N_PUN_N, form=champignons, l'oïdium"
"bsv_maraichage_no11_du_05_Juin_2020_cle012212"	"uemment signalé sur"	"maïs, riz et sorgho"	"maïs, riz, sorgho"	", plus rarement sur"	"62759-62778"	"type=N_PUN_N_KON_N, form=maïs, riz et sorgho"
"bsv_maraichage_no11_du_05_Juin_2020_cle012212"	"cées, brassicacées,"	"luzerne, oignon"	"luzerne, oignon"	"parmi d'autres (1)"	"62827-62842"	"type=N_PUN_N, form=luzerne, oignon"
"bsv_maraichage_no11_du_05_Juin_2020_cle012212"	"sur les cultures de"	"maïs, sorgho et riz"	"maïs, sorgho, riz"	". Il sont groupés en"	"64624-64643"	"type=N_PUN_N_KON_N, form=maïs, sorgho et riz"
"bsv_maraichage_no11_du_05_Juin_2020_cle012212"	"tomate, aubergine,"	"concombre, poivron, potiron, courge"	"concombre, poivron, potiron, courge"	". Biologie La durée"	"66012-66047"	"type=N_PUN_N, form=concombre, poivron, potiron, courge"
"bsv_vigne_n10_fronton_07062017-3_cle0a711e"	"imat défavorable au"	"champignon, la"	"champignon"	"limitation des port"	"8298-8312"	"type=N_PUN_N, form=champignon, la"
"bsv_vigne_n1_fronton_23032017_cle825f73"	"ose : Symptômes sur"	"bois et rameaux"	"bois"	"Chancres d'excorios"	"6957-6972"	"type=N_KON_N, form=bois et rameaux"
"bsv_vigne_n1_fronton_23032017_cle825f73"	"prise d'activité du"	"champignon et la"	"champignon"	"production de spore"	"9430-9446"	"type=N_KON_N, form=champignon et la"
"bsv_viticulture_no10_du_23_mai_2018_cle0c892f"	"t en place dans les"	"vergers et les"	"vergers"	"cultures légumières"	"20966-20980"	"type=N_KON_N, form=vergers et les"
"bulletindesanteduvegetalgc2014-n9-15avril2014_cle066b5e"	"le stade avancé des"	"blés, le"	"blés"	"risque pourra être"	"8834-8842"	"type=N_PUN_N, form=blés, le"
"char_Grandes_Cultures_no22_2016-07-07_cle02be6e"	"(page 12) : Stades"	"pois, féverole"	"pois, féverole"	": Fin floraison à m"	"899-913"	"type=N_PUN_N, form=pois, féverole"
"lorraine_arboriculture_no11_du_13-05-20_cle8ee895"	"uits.Carpocapse des"	"pommes et poires"	"pommes, poires"	": le vol s'intensif"	"1013-1029"	"type=N_KON_N, form=pommes et poires"
"lorraine_arboriculture_no11_du_13-05-20_cle8ee895"	"capture BSV 11 P.6"	"Pommes et poires"	"Pommes, poires"	"1 Tavelure Suivi bi"	"10575-10591"	"type=N_KON_N, form=Pommes et poires"
"lorraine_arboriculture_no11_du_13-05-20_cle8ee895"	". 2 Carpocapses des"	"pommes et poires"	"pommes, poires"	"(Cydia pomonella) G"	"12099-12115"	"type=N_KON_N, form=pommes et poires"
"lorraine_vigne_no14_du_29-07-20_cle4bcf91"	"ation des pièges en"	"vigne et actualités"	"vigne"	"en arboriculture p"	"448-467"	"type=N_KON_N, form=vigne et actualités"
"lorraine_vigne_no14_du_29-07-20_cle4bcf91"	"elles du réseau. En"	"arboriculture, le"	"arboriculture"	"suivi sur cerises e"	"5385-5402"	"type=N_PUN_N, form=arboriculture, le"
