02_bsv_raisin_29032012_V3	vigne de table	9.5191782884078
04_bsv_raisin_12042012_V3	vigne de table	9.373349904804392
04_bsv_raisin_12042012_V3	floriculture	7.156749603819007
06_BSV_GC_05042011_cle8889ba	blé dur	5.595541442081733
06_BSV_GC_05042011_cle8889ba	grande culture	2.7064096459579314
07_BSV_GC_16042013_cle83b3df	grande culture	2.710195618728299
100701_bsv_mais	féverole de printemps	6.195873123881508
100701_bsv_mais	pois protéagineux de printemps	6.175871719307805
11_-_BSV_Grandes_cultures_S18-2-1_cle8d5b6e	féverole de printemps	6.942628792683559
11_-_BSV_Grandes_cultures_S18-2-1_cle8d5b6e	orge de printemps	5.998879562021187
11_-_BSV_Grandes_cultures_S18-2-1_cle8d5b6e	pois protéagineux de printemps	5.794112764524681
11_-_BSV_Grandes_cultures_S18-2-1_cle8d5b6e	pomme de terre	3.83364429739642
11_-_BSV_Grandes_cultures_S18-2-1_cle8d5b6e	grande culture	2.566580915415088
11_BSV_GC_17052010_cle85a2fb	grande culture	2.710195618728299
11_BSV_GC_19052009_cle85f46f	céréale à paille	4.83567738226834
11_BSV_GC_19052009_cle85f46f	blé tendre	4.70631806816881
11_BSV_GC_19052009_cle85f46f	pomme de terre	3.2003414867427074
11_BSV_GC_19052009_cle85f46f	grande culture	2.6913709424302787
1300514_bu_gc12_cle02f1cf	lin oléagineux	6.446812616090935
1300514_bu_gc12_cle02f1cf	lin oléagineux d'hiver	6.014293324125355
1300514_bu_gc12_cle02f1cf	lin fibre de printemps	6.014293324125355
1300514_bu_gc12_cle02f1cf	grande culture	2.6913709424302787
130319_BSV_Lin__Oleagineux_n2_F_cle4b3994	lin oléagineux	8.015844765121905
130319_BSV_Lin__Oleagineux_n2_F_cle4b3994	lin fibre de printemps	6.6377334571818185
130319_BSV_Lin__Oleagineux_n2_F_cle4b3994	lin oléagineux d'hiver	5.735430305073373
130319_BSV_Lin__Oleagineux_n2_F_cle4b3994	céréale à paille	4.611462911621974
130507_BSV_Lin__Oleagineux_n9_F_cle4bfe17	lin oléagineux	8.107075075355969
130507_BSV_Lin__Oleagineux_n9_F_cle4bfe17	lin oléagineux d'hiver	5.735430305073373
130507_BSV_Lin__Oleagineux_n9_F_cle4bfe17	lin fibre de printemps	5.735430305073373
130709_bu-arbo17_cle4212ae	arbre à fruits à pépins	8.374343401505644
131009_BSV_Lin__Oleagineux_1_cle8152f3	lin oléagineux	7.800429552322439
131009_BSV_Lin__Oleagineux_1_cle8152f3	lin oléagineux d'hiver	7.0969464542347405
14_bsv_vigne_05_juillet_2012_cle856631	petits pois	11.088009875866915
15BSVGC05062012_cle0b33a1	orge de printemps	6.334550766983773
17BSVGC15062011_cle0751f9	olivier fruit à noyaux	8.316176270449706
17BSVGC15062011_cle0751f9	orge de printemps	6.290551777811989
17BSVGC15062011_cle0751f9	grande culture	3.0522514667449467
18_BSV_GC_02072013_cle8e434e	grande culture	2.710195618728299
2009_13__cle8c15cd-1	blé tendre	4.739236203975389
2010_6__cle0c39b8-1	zone non agricole	6.736334026445343
2010_6__cle0c39b8	melon	8.708565880954625
2010_6__cle0c39b8	courgette	8.472808162094939
2010_6__cle0c39b8	radis	8.472808162094939
2010_6__cle0c39b8	poireau	7.750245063700919
2010_6__cle0c39b8	tomate	5.862015828785545
2010_6__cle0c39b8	horticulture ornementale	5.5075032628666
2010_6__cle0c39b8	pomme de terre	3.7275626018056727
2010_7__cle0fe148	chicorée frisée	9.705772440401207
2010_7__cle0fe148	poireau	6.9931695800740385
2010_7__cle0fe148	laitue à couper	6.9931695800740385
2010_7__cle0fe148	pomme de terre	3.620912020044315
2010_BSV_calvados_htenormandie_18_cle891d53	céleri-rave	6.664663821774354
2010_BSV_manche_27_cle843f82	Chou navet	8.946909649844928
2011_BSV_calvados_htenormandie_27_cle8a66fc	chou de Milan	8.343220048131961
2011_BSV_calvados_htenormandie_27_cle8a66fc	chou pommé	8.343220048131961
2011_BSV_calvados_htenormandie_27_cle8a66fc	chou de Bruxelles	7.91628552348895
2011_BSV_manche_36_cle8c9518	culture légumière	4.194087659188094
2012_BSV_calvados_htenormandie_26_cle823e9b	chou-fleur	6.957875749097931
2012_BSV_calvados_htenormandie_26_cle823e9b	culture légumière	5.124980114844345
2012_BSV_calvados_htenormandie_29_cle81977c	chou de Milan	8.135353432276046
2012_BSV_calvados_htenormandie_29_cle81977c	céleri à cotes	7.719055740212977
2012_BSV_calvados_htenormandie_29_cle81977c	culture légumière	5.163291613087728
20130606_bsv_maraichage_13_cle46d94d	poireau	7.061552705624225
20130606_bsv_maraichage_13_cle46d94d	culture légumière	4.18822878259465
20130912_bsv_maraichage_26_cle4ed671	radis	8.913658346753571
20130912_bsv_maraichage_26_cle4ed671	culture légumière	4.178500279254086
20130912_bsv_maraichage_26_cle4ed671	pomme de terre	3.2107488327224107
2013_BSV_Bilan2012_Calvados_htenormandie_cle0352d6	chou de Bruxelles	7.94581625027467
2013_BSV_calvados_htenormandie_06_noteAbeille_cle0c95a3	floriculture	7.235955317526282
2013_BSV_calvados_htenormandie_06_noteAbeille_cle0c95a3	laitue à couper	6.9931695800740385
2013_BSV_calvados_htenormandie_06_noteAbeille_cle0c95a3	arboriculture fruitière	4.750094061060294
2013_BSV_calvados_htenormandie_06_noteAbeille_cle0c95a3	culture légumière	4.71229070698777
2013_BSV_manche_33_cle8d1fbe	céleri-rave	6.664663821774354
2014_BSV_manche_37_cle8ad953	poireau	6.916621430816653
2014_BSV_manche_37_cle8ad953	céleri-rave	6.518759257288138
2014_BSV_manche_37_cle8ad953	culture légumière	5.117398879166892
22_bsv_gc_04_05_2010_cle022e2c	blé tendre d'hiver	7.554963222687189
22_bsv_gc_04_05_2010_cle022e2c	féverole d'hiver	7.554963222687189
22_bsv_gc_04_05_2010_cle022e2c	pois protéagineux d'hiver	6.673544476347363
22_bsv_gc_04_05_2010_cle022e2c	orge d'hiver	6.408336606558813
22_bsv_gc_04_05_2010_cle022e2c	pois protéagineux de printemps	5.519888085271943
26_BSV_GC_17092013_cle847136	grande culture	2.710195618728299
27_BSV_GC_260814_cle4c8181	grande culture	2.710195618728299
29BSVGC140910_cle8963c8-1	grande culture	2.710195618728299
2CCEeMC2B19v784m364OMugE	tomate	6.993312140393243
2_-_BSV_ZNA_S14_cle097ddd	floriculture	7.316933834110173
30_bsv_gc_14_06_2011_cle0b2ea9	céréale à paille	4.8695003161373736
34BSVGC15102013_cle0947e2	céréale à paille	4.851402756504798
34BSVGC15102013_cle0947e2	pomme de terre	3.636152172351519
37_-_BSV_Grandes_cultures_S46_cle883289	orge d'hiver	6.549680476163156
37_-_BSV_Grandes_cultures_S46_cle883289	céréale à paille	4.83567738226834
37_-_BSV_Grandes_cultures_S46_cle883289	grande culture	2.6913709424302787
38_-_BSV_Grandes_cultures_S45_cle8c1431	grande culture	2.710195618728299
3_-_BSV_Grandes_cultures_S11_cle8cbba8	grande culture	2.710195618728299
ACAB6BCBEMIh9FN9YXn91xWQ	tomate	6.190028734598112
Avertissement_Colza_Centre9_20090324_cle4c1325	colza d'hiver	8.946909649844928
BSV-CAS-oct-2012	canne à sucre	11.044020411336465
BSV-Fruits-decembre-2014	culture fruitière	8.347238131876034
BSV-GC-PC113_cle0b113d	grande culture	3.0618991826899378
BSV-GC-PC26_cle4d3356	blé tendre	5.587099802890849
BSV-GC-PC26_cle4d3356	grande culture	2.6913709424302787
BSV-GC-PC52_cle46fa13	blé dur	5.5825440041581444
BSV-GC-PC52_cle46fa13	grande culture	3.0578718988147724
BSV-GC-PC55_cle42626f	grande culture	3.0618991826899378
BSV-GC-PC60_cle4dea1f	blé dur	5.513388305085427
BSV-GC-PC60_cle4dea1f	blé tendre	5.30949605136574
BSV-GC-PC60_cle4dea1f	grande culture	3.1833912875532433
BSV-GC-PC73_cle485a11	grande culture	3.0618991826899378
BSV-GC-PC86_cle45c4ce	grande culture	3.0618991826899378
BSV-GC-PC94_cle479b11	blé dur	6.6850429591145835
BSV-GC-PC94_cle479b11	pois protéagineux d'hiver	5.789114750777556
BSV-GC-PC94_cle479b11	orge d'hiver	5.559054278946324
BSV-GC-PC94_cle479b11	blé tendre	4.530110834633963
BSV-GC-PC94_cle479b11	grande culture	3.146624496936652
BSV-GC-PC95_cle431161	pois protéagineux d'hiver	6.598950268019668
BSV-GC-PC95_cle431161	blé dur	6.454441692083774
BSV-GC-PC95_cle431161	blé tendre	5.6197086670104435
BSV-GC-PC95_cle431161	grande culture	3.1218360967459353
BSV-maraichage-juillet-2014	chou chinois	10.958121118752226
BSV-maraichage-juillet-2014	laitue beurre pommée	7.7718643615543215
BSV-maraichage-juillet-2014	pomme de terre	3.8723071069883903
BSV04-Horticulture-Pepinieres-22-04-2011_cle0a8923	floriculture	7.316933834110173
BSV16horti-pepi_cle0ce528	horticulture ornementale	5.815679187631944
BSV6_cle8d4471	lin fibre de printemps	6.0563600356302985
BSV7ZNA	zone non agricole	6.2203444041668146
BSV7horti-pepi_cle8cbea5-2	horticulture ornementale	5.815679187631944
BSVHorti_230910_cle01f644	rosier ornemental	10.786532982597995
BSVHorti_230910_cle01f644	zone non agricole	5.444912835004655
BSVPDT20130415_num05_cle0ec9c7	pomme de terre	3.640941063938847
BSVPDT20130723_num31_30_juillet_2013_cle457261	pomme de terre	3.640941063938847
BSVViti_no25_26092013_cle45dbdd	cerisier	8.26645632944044
BSV_09_cle4c32d5	lin fibre de printemps	6.0563600356302985
BSV_10_proteagineux_Normandie_2012_cle8bc461	féverole de printemps	6.325701798093637
BSV_10_proteagineux_Normandie_2012_cle8bc461	pois protéagineux de printemps	5.002398577277699
BSV_11-3_cereales_Normandie_R2014_cle83cb2e	blé tendre d'hiver	6.846685420560264
BSV_11-3_cereales_Normandie_R2014_cle83cb2e	blé tendre	4.732615789162303
BSV_11_proteagineux_Normandie_2012_cle888cde-1	féverole de printemps	6.325701798093637
BSV_11_proteagineux_Normandie_2012_cle888cde-1	pois protéagineux de printemps	5.002398577277699
BSV_11_proteagineux_Normandie_cle8c8ae4	féverole de printemps	7.134039231739632
BSV_11_proteagineux_Normandie_cle8c8ae4	pois protéagineux de printemps	4.974601754559753
BSV_11_proteagineux_Normandie_cle8c8ae4	pomme de terre	3.2003414867427074
BSV_12_proteagineux_Normandie_R2011_cle02d111	féverole de printemps	6.264444553648297
BSV_12_proteagineux_Normandie_R2011_cle02d111	pois protéagineux de printemps	6.039405949786739
BSV_13_cereales_Normandie_R2012-2_cle88c41b	blé tendre	5.354249471606707
BSV_13_cereales_Normandie_cle01ccd2	blé tendre d'hiver	6.7803830408663615
BSV_13_cereales_Normandie_cle01ccd2	orge d'hiver	5.751315468590673
BSV_13_cereales_Normandie_cle01ccd2	blé tendre	5.5779009679205425
BSV_26BOU_GC_2014_03_04_16	moutarde brune	8.75104156244144
BSV_26BOU_GC_2014_03_04_16	grande culture	3.3412848926623164
BSV_26BOU_GC_2014_05_20_27	orge de printemps	5.424034619296119
BSV_26BOU_GC_2014_05_20_27	pois protéagineux de printemps	5.17302157254345
BSV_26BOU_GC_2014_05_20_27	grande culture	3.4141647875842818
BSV_2_cereales_Normandie_R2011_cle02a37b	blé tendre	5.347207083443661
BSV_2_cereales_Normandie_R2011_cle02a37b	grande culture	2.700123142366949
BSV_2_chataigne_28juin2012_cle4ef6f6	arboriculture fruitière	4.796543138954561
BSV_2_chataigne_28juin2012_cle4ef6f6	culture légumière	4.18822878259465
BSV_2_proteagineux_Normandie_2012_cle8c9949	féverole de printemps	6.325701798093637
BSV_2_proteagineux_Normandie_2012_cle8c9949	pois protéagineux de printemps	5.002398577277699
BSV_43FCO_GC_2009_07_28_20	orge de printemps	6.232828525364693
BSV_43FCO_GC_2009_07_28_20	orge d'hiver	5.72228915173757
BSV_43FCO_GC_2009_07_28_20	grande culture	3.2624102305772045
BSV_43FCO_GC_2009_10_19_27	tournesol	6.856263188880823
BSV_43FCO_GC_2010_05_10_12	maïs fourrage	8.625158740904897
BSV_43FCO_GC_2010_05_10_12	maïs grain	7.053800506076642
BSV_43FCO_GC_2010_05_10_12	orge de printemps	7.0143234189239445
BSV_43FCO_GC_2010_05_10_12	blé tendre	5.52133747648512
BSV_43FCO_GC_2010_05_10_12	céréale à paille	4.694382178800631
BSV_43FCO_GC_2010_05_10_12	pomme de terre	3.106829685646634
BSV_43FCO_GC_2013_04_09_07	grande culture	3.4146801773663356
BSV_43FCO_GC_2014_05_20_14	ray-grass	7.739318545485798
BSV_43FCO_GC_2014_05_20_14	orge de printemps	4.9952265220442
BSV_43FCO_GC_2014_05_20_14	grande culture	3.4238438039713897
BSV_8-25_cereales_Normandie_R2014_cle81391a	blé tendre	5.713696642436653
BSV_8-25_cereales_Normandie_R2014_cle81391a	grande culture	2.680201139369519
BSV_8_cereales_Normandie_R2012_cle0a7838	blé tendre	4.732615789162303
BSV_8_cereales_Normandie_R2012_cle0a7838	grande culture	2.7064096459579314
BSV_9_cereales_Normandie_cle81b469	blé tendre d'hiver	8.053355392440894
BSV_9_cereales_Normandie_cle81b469	orge d'hiver	5.72228915173757
BSV_9_cereales_Normandie_cle81b469	blé tendre	5.30949605136574
BSV_AUVERGNE_N_5_du_11_03_14_cle8461ba	blé tendre	4.739236203975389
BSV_AUVERGNE_N_6_du_18_03_14_cle893c87	blé tendre	4.739236203975389
BSV_Arboriculture-Fruits_transformes_Bretagne-Normandie-Pays_de_la_Loire_no10_du_21-05-2013_cle43573f	arboriculture fruitière	4.796543138954561
BSV_Arboriculture-Fruits_transformes_Bretagne-Normandie-Pays_de_la_Loire_no10_du_21-05-2013_cle43573f	culture légumière	4.18822878259465
BSV_Arboriculture-Fruits_transformes_Bretagne-Normandie-Pays_de_la_Loire_no11_du_09-05-2012_cle4117c7	arboriculture fruitière	4.796543138954561
BSV_Arboriculture-Fruits_transformes_Bretagne-Normandie-Pays_de_la_Loire_no11_du_09-05-2012_cle4117c7	culture légumière	4.18822878259465
BSV_Arboriculture-Fruits_transformes_Bretagne-Normandie-Pays_de_la_Loire_no12_du_15-05-2012_cle415e3e	arboriculture fruitière	4.796543138954561
BSV_Arboriculture-Fruits_transformes_Bretagne-Normandie-Pays_de_la_Loire_no12_du_15-05-2012_cle415e3e	culture légumière	4.18822878259465
BSV_Arboriculture-Fruits_transformes_Bretagne-Normandie-Pays_de_la_Loire_no20_du_22-07-2014_cle491adf	poirier	8.946909649844928
BSV_Arboriculture-Fruits_transformes_Bretagne-Normandie-Pays_de_la_Loire_no2_du_26-03-2013_note_national_cle8e19a6	poirier	8.934411379949138
BSV_Arboriculture-Fruits_transformes_Bretagne-Normandie-Pays_de_la_Loire_no2_du_26-03-2013_note_national_cle8e19a6	pomme de terre	3.2182241895866754
BSV_Arboriculture_no26_du_13052014_cle81fe48	arboriculture fruitière	4.803252981177854
BSV_Cereales_a_paille_2010_S42_cle011f61	céréale à paille	6.010886774224063
BSV_Cereales_a_paille_2011_S13-1_cle0d7463	céréale à paille	6.03243670250935
BSV_Cereales_a_paille_2011_S13-1_cle0d7463	orge d'hiver	5.606534338968292
BSV_Cereales_a_paille_2011_S13-1_cle0d7463	blé dur	5.401859297365553
BSV_Cultures_Legumieres_N58_cle08ed2d	culture légumière	5.195721672916312
BSV_Cultures_Legumieres_N58_cle08ed2d	arboriculture fruitière	4.630517246376992
BSV_Cultures_Legumieres_N58_cle08ed2d	pomme de terre	3.106829685646634
BSV_Cultures_Legumieres_No117_cle8542c6	pomme de terre potagère	7.592021789884902
BSV_Cultures_Legumieres_No117_cle8542c6	poireau	6.817126551835823
BSV_Cultures_Legumieres_No117_cle8542c6	culture légumière	5.0988325865124775
BSV_Cultures_Legumieres_No117_cle8542c6	pomme de terre	3.106829685646634
BSV_Cultures_Legumieres_No139_cle82191f	poireau	6.817126551835823
BSV_Cultures_Legumieres_No139_cle82191f	culture légumière	5.226759164816388
BSV_Cultures_Ornementales_et_ZNA_No5_du_13_06_14_cle85d729	horticulture ornementale	6.864927160447935
BSV_GC12_2009_05_12_cle89f412-1	grande culture	2.710195618728299
BSV_GC_02-09-2014_28_cle05178c	maïs grain	7.053800506076642
BSV_GC_02-09-2014_28_cle05178c	grande culture	3.377502079051817
BSV_GC_13_LIM_27avril2010_cle088887-1	blé tendre d'hiver	6.808640451151923
BSV_GC_13_LIM_27avril2010_cle088887-1	céréale à paille	4.83567738226834
BSV_GC_13_LIM_27avril2010_cle088887-1	grande culture	3.0522514667449467
BSV_GC_MP_10_11	féverole d'hiver	6.55372106817496
BSV_GC_MP_10_11	pois protéagineux d'hiver	5.789114750777556
BSV_GC_MP_10_11	céréale à paille	5.3657356475089895
BSV_GC_MP_10_11	grande culture	3.3250372258501715
BSV_GC_MP_10_4	blé dur	6.5430833681744645
BSV_GC_MP_10_4	féverole d'hiver	6.127650296748878
BSV_GC_MP_10_4	blé tendre	5.351743387136027
BSV_GC_MP_10_4	pois protéagineux de printemps	5.307188478517036
BSV_GC_MP_10_4	céréale à paille	5.158976045766135
BSV_GC_MP_10_4	grande culture	3.164709639849652
BSV_GC_du_11_fevrier_2014_2_cle01b924	blé tendre d'hiver	7.373118776943881
BSV_GC_du_11_fevrier_2014_2_cle01b924	blé dur	6.025775852047901
BSV_GC_du_11_fevrier_2014_2_cle01b924	orge d'hiver	5.330947188472842
BSV_GC_du_11_fevrier_2014_2_cle01b924	blé tendre	5.0965008899559265
BSV_GC_du_11_fevrier_2014_2_cle01b924	céréale à paille	4.463631535038347
BSV_GC_du_11_fevrier_2014_2_cle01b924	grande culture	3.294878158042007
BSV_GC_n7_21avril11_cle825355	blé dur	6.330521247515555
BSV_GC_n_07_du_15_octobre_2013	colza d'hiver	8.296944368983661
BSV_GC_n_07_du_15_octobre_2013	grande culture	3.4105058197633222
BSV_GC_n_13_du_26_fevrier_2013	grande culture	3.1991612523438873
BSV_GC_n_21_du_12_avril_2011	moutarde brune	7.996124428211564
BSV_GC_n_21_du_12_avril_2011	pois protéagineux d'hiver	6.4163906602097045
BSV_GC_n_21_du_12_avril_2011	pois protéagineux de printemps	5.307188478517036
BSV_GC_n_21_du_12_avril_2011	grande culture	3.3848110661887567
BSV_GC_n_o20_20_07_2010_cle8cac67	maïs grain	7.266111336291442
BSV_GC_n_o20_20_07_2010_cle8cac67	grande culture	3.195057759410878
BSV_GC_no29_28_09_2010_cle023d57	grande culture	3.0618991826899378
BSV_GC_no7_29_03_2011_cle47d754	lin fibre de printemps	7.149030949036781
BSV_Grandes_Cultures_Lin__Oleagineux_n11_MG_20132205_VF-1_cle0f1c58	lin oléagineux de printemps	8.09744596356687
BSV_Grandes_Cultures_Lin__Oleagineux_n11_MG_20132205_VF-1_cle0f1c58	lin oléagineux	7.782805500522119
BSV_Grandes_Cultures_Lin__Oleagineux_n11_MG_20132205_VF-1_cle0f1c58	lin oléagineux d'hiver	7.260653900180929
BSV_Grandes_Cultures_Lin__Oleagineux_n11_MG_20132205_VF-1_cle0f1c58	lin fibre de printemps	6.733805034647257
BSV_HP_13-02_cle04e1ee	pomme de terre	3.2182241895866754
BSV_HP_13-02_cle04e1ee	grande culture	2.7064096459579314
BSV_Horti_n_01_du_02_mars_2012	horticulture ornementale	5.815679187631944
BSV_Horti_n_06_du_11_mai_2012	horticulture ornementale	7.000650118528387
BSV_Horti_n_06_du_11_mai_2012	arboriculture fruitière	4.72612080901885
BSV_Horti_n_06_du_11_mai_2012	culture légumière	4.126737658543505
BSV_Horticulture_n_01_du_14_mars_2014	horticulture ornementale	5.79406514223322
BSV_Horticulture_n_01_du_14_mars_2014	arboriculture fruitière	4.78540163060516
BSV_Horticulture_n_01_du_14_mars_2014	culture légumière	4.178500279254086
BSV_Horticulture_n_03_du_11_avril_2014	horticulture ornementale	6.844833465484736
BSV_Horticulture_n_03_du_11_avril_2014	arboriculture fruitière	4.750094061060294
BSV_Horticulture_n_03_du_11_avril_2014	culture légumière	4.1476705390167234
BSV_JEV_2012-no5_cle422e12	zone non agricole	6.499196611876084
BSV_LIN_2013_Normandie_No9_cle4ef1af	lin fibre de printemps	6.0563600356302985
BSV_Legumes_industries_2012_No13_-_version_2_cle8bf191-1	chou-fleur	7.945146007759991
BSV_Legumes_industries_2012_No13_-_version_2_cle8bf191-1	céleri-rave	7.844056126841077
BSV_Legumes_industries_2014_No13_-_version_2_cle87f962	céleri-rave	7.529540881764623
BSV_Legumes_n_09_du_20_decembre_2012	betterave potagère	7.050616414484465
BSV_Legumes_n_09_du_20_decembre_2012	pomme de terre	4.0554733997053845
BSV_Legumes_no13ERRATUM_cle816453	chou-fleur	7.061552705624225
BSV_Legumes_no13ERRATUM_cle816453	haricot vert	6.047899681689797
BSV_Legumes_no13_cle4531f2	haricot vert	6.0563600356302985
BSV_Legumes_no15_cle443171-2	chou-fleur	7.061552705624225
BSV_Legumes_no15_cle443171-2	haricot vert	6.047899681689797
BSV_Legumes_no21_cle49da1f-2	chou pommé	8.281662242786313
BSV_Legumes_no21_cle49da1f-2	chou-fleur	6.9931695800740385
BSV_Legumes_no21_cle49da1f-2	haricot vert	5.989332635533145
BSV_Legumes_no21_cle49da1f-2	arboriculture fruitière	4.750094061060294
BSV_Legumes_no21_cle49da1f-2	grande culture	2.680201139369519
BSV_Legumes_no29_cle43abde	chou de Milan	8.316176270449706
BSV_Legumes_no29_cle43abde	Chou cabus blanc	7.890625614661012
BSV_Legumes_no29_cle43abde	chou de Bruxelles	7.890625614661012
BSV_Legumes_no29_cle43abde	haricot vert	6.014293324125355
BSV_Legumes_no30_cle49eb49	haricot vert	6.0563600356302985
BSV_Legumes_no33_cle4e7e9d-1	haricot vert	6.0563600356302985
BSV_Legumes_no3_cle01ea33-1	haricot vert	6.0563600356302985
BSV_Legumes_no5_cle0a7ff2-1	haricot vert	6.0563600356302985
BSV_Legumes_no5_du_8_juillet_2010_cle8f441d	culture légumière	5.0628610863712185
BSV_Legumes_no7_cle0912d2-1	chou pommé	9.350256095361146
BSV_Legumes_no7_cle0912d2-1	chou de Bruxelles	9.311043618878722
BSV_Legumes_no7_cle0912d2-1	haricot vert	5.923772616819561
BSV_Legumes_no7_cle0912d2-1	arboriculture fruitière	4.6980989099332975
BSV_MARAICHAGE_N12_17072014	laitue à couper	7.071431049909591
BSV_MELON_N_13_20062013_V3	grande culture	2.710195618728299
BSV_MELON_N_18_26072012_V3	melon	7.91628552348895
BSV_MELON_N_18_26072012_V3	grande culture	3.0578718988147724
BSV_NOIX_SO_2_23avril2014	arboriculture fruitière	4.796543138954561
BSV_NOIX_SO_2_23avril2014	culture légumière	4.18822878259465
BSV_N_04-ARBO-2014-03-06_cle811cb8	arboriculture fruitière	5.419436225394661
BSV_N_04-ARBO-2014-03-06_cle811cb8	culture légumière	4.178500279254086
BSV_N_o2_COLZA_RECOLTE_2011_NORMANDIE_semaine_36_draaf-JRV_-_cle0f613b	tournesol	6.856263188880823
BSV_No11_SEMAINE_45_du_30-10_au_5-11-2013_V1-1_cle47fa8d	lin oléagineux d'hiver	6.842297181438797
BSV_No2-Grandes_Cultures_cle8a9796-1	maïs grain	8.789154837699805
BSV_No2-Grandes_Cultures_cle8a9796-1	grande culture	3.384850888900925
BSV_No25_SEMAINE_18_DU_24-4-13_AU_1-5-13_V1_cle83ad28	lin oléagineux d'hiver	6.047899681689797
BSV_No25_SEMAINE_18_DU_24-4-13_AU_1-5-13_V1_cle83ad28	lin fibre de printemps	6.047899681689797
BSV_No28-Grandes_cultures_cle08bd81	grande culture	3.1991612523438873
BSV_No_12_pomme_de_terre_04_juillet_2014_cle0a2ac3	pomme de terre potagère	6.846685420560264
BSV_No_12_pomme_de_terre_04_juillet_2014_cle0a2ac3	pomme de terre	3.2182241895866754
BSV_No_6_pomme_de_terre_16_mai_2014_cle064521	pommier	9.746221481750894
BSV_No_6_pomme_de_terre_16_mai_2014_cle064521	pomme de terre	3.7992815255516286
BSV_Normandie_no2-2014_reduit_cle8658d4	zone non agricole	5.505847562343187
BSV_OLEAGINEUX_No9-14_V1-1_cle4c733d	lin oléagineux de printemps	8.496766886794703
BSV_OLEAGINEUX_No9-14_V1-1_cle4c733d	lin oléagineux d'hiver	7.0969464542347405
BSV_Olivier_PACA_12_31102014_cle8d1ad1	olivier fruit à noyaux	8.374343401505644
BSV_Ornement_Normandie_n-08-2012_cle0693f1	horticulture ornementale	7.011472992206641
BSV_Ornement_Normandie_n-08-2012_cle0693f1	arboriculture fruitière	4.750094061060294
BSV_Ornement_Normandie_n-20-2012_cle04a5f3	horticulture ornementale	7.115409054634695
BSV_Ornement_Normandie_n-20-2014_cle0bad54	horticulture ornementale	6.864927160447935
BSV_Ornement_Normandie_n-22-2012_cle0bf1cb	horticulture ornementale	7.115409054634695
BSV_Ornement_Normandie_n-25-2014_cle08f311	horticulture ornementale	6.570383048494742
BSV_PACA_12_01102013_cle0519e6	arboriculture fruitière	4.796543138954561
BSV_PACA_12_01102013_cle0519e6	culture légumière	4.18822878259465
BSV_PACA_5_03072012_cle819e12	arboriculture fruitière	4.796543138954561
BSV_PACA_5_03072012_cle819e12	culture légumière	4.18822878259465
BSV_POMPOI_15_7juin2013	arboriculture fruitière	4.796543138954561
BSV_POMPOI_15_7juin2013	culture légumière	4.18822878259465
BSV_PdT_n08_20120601_v2_cle82d17c	culture légumière	4.102269594587209
BSV_PdT_n08_20120601_v2_cle82d17c	pomme de terre	3.9731619645703593
BSV_Pois_Feverole_2011_no6_V2_cle8d1e15	féverole d'hiver	7.850934550710272
BSV_Pois_Feverole_2011_no6_V2_cle8d1e15	pois protéagineux d'hiver	7.244382586477288
BSV_Pois_Feverole_2011_no6_V2_cle8d1e15	féverole de printemps	6.62019928057709
BSV_Pois_Feverole_2011_no6_V2_cle8d1e15	pois protéagineux de printemps	5.863623845484681
BSV_Pois_Feverole_2011_no8_cle4d5c14	féverole d'hiver	7.407995958719667
BSV_Pois_Feverole_2011_no8_cle4d5c14	pois protéagineux d'hiver	7.244382586477288
BSV_Pois_Feverole_2011_no8_cle4d5c14	féverole de printemps	6.844300632773747
BSV_Pois_Feverole_2011_no8_cle4d5c14	pois protéagineux de printemps	5.95525784546223
BSV_Pois_Feverole_2011_no9_cle411b1a	pois protéagineux d'hiver	7.270419520319717
BSV_Pois_Feverole_2011_no9_cle411b1a	féverole de printemps	7.2079415718474324
BSV_Pois_Feverole_2011_no9_cle411b1a	pois protéagineux de printemps	6.049412232986985
BSV_Pois_Feverole_2011_no9_cle411b1a	féverole d'hiver	5.9427310853506725
BSV_Pomme_de_terre_22	pomme de terre	3.8041610382442212
BSV_RAISIN_N15_08072014	vigne de table	9.302108310069167
BSV_RAISIN_N17_22072014	vigne de table	9.443624392474753
BSV_RA_2013_MARAICH_07_cle07818c	culture légumière de plein champ	9.409040486215936
BSV_RA_2013_MARAICH_07_cle07818c	culture légumière	4.71229070698777
BSV_RA_2013_MARAICH_07_cle07818c	pomme de terre	3.187059339874533
BSV_RA_2014_MARAICH_09_cle0489d1	culture légumière de plein champ	9.409040486215936
BSV_RA_2014_MARAICH_09_cle0489d1	culture légumière	4.71229070698777
BSV_RA_2014_MARAICH_09_cle0489d1	pomme de terre	3.187059339874533
BSV_RA_Arbono16du03062014_cle0a9b1f	culture fruitière	7.989094515002635
BSV_RA_Arbono17du07062011_cle057aed	culture fruitière	7.989094515002635
BSV_RA_Arbono20du26062012_cle0e141e	culture fruitière	7.989094515002635
BSV_RA_Arbono22du02072013_cle01ede7	culture fruitière	7.989094515002635
BSV_RA_Arbono23du17072012_cle0139a2	culture fruitière	7.989094515002635
BSV_RA_Arbono30du10092013_cle067bb6	culture fruitière	7.989094515002635
BSV_RA_GC_no03_du_08_03_2012_cle81452d	blé dur	5.564448703053907
BSV_RA_GC_no03_du_08_03_2012_cle81452d	blé tendre	4.70631806816881
BSV_RA_GC_no03_du_08_03_2012_cle81452d	grande culture	3.0522514667449467
BSV_RA_GC_no04_du_15_03_2012_cle8a6195	grande culture	3.0618991826899378
BSV_RA_GC_no07_du_14_03_2013_cle84665e-1	grande culture	3.0618991826899378
BSV_RA_GC_no10_du_26_04_2012_cle8938d3	blé dur	5.564448703053907
BSV_RA_GC_no10_du_26_04_2012_cle8938d3	céréale à paille	4.83567738226834
BSV_RA_GC_no10_du_26_04_2012_cle8938d3	grande culture	3.0522514667449467
BSV_RA_GC_no11_du_11_04_2013_cle8386ed	blé dur	6.310574453994382
BSV_RA_GC_no11_du_11_04_2013_cle8386ed	grande culture	3.0522514667449467
BSV_RA_GC_no13_du_14102010_cle45f21b	grande culture	3.0618991826899378
BSV_RA_GC_no23_du_17_02_2011_cle8c13b8	grande culture	3.0618991826899378
BSV_Tomate_d_industrie_no3-2_cle8599f7	arboriculture fruitière	4.796543138954561
BSV_Tomate_d_industrie_no3-2_cle8599f7	culture légumière	4.18822878259465
BSV_Tomate_d_industrie_no8_cle46d127-1	tomate	6.167023414364228
BSV_Tomate_d_industrie_no8_cle46d127-1	arboriculture fruitière	4.78540163060516
BSV_Tomate_d_industrie_no8_cle46d127-1	culture légumière	4.178500279254086
BSV_Viti_No19_du_29_juillet_2014_cle08937a	arboriculture fruitière	4.796543138954561
BSV_Viti_No19_du_29_juillet_2014_cle08937a	culture légumière	4.18822878259465
BSV_ZNA_02_002	jardin	9.814391001466783
BSV_ZNA_06_cle0d4871	zone non agricole	5.505847562343187
BSV_ZNA_N06_05_07_2012_cle034a47	zone non agricole	5.505847562343187
BSV_ZNA_N3_06_08_2010_cle4c36c7	zone non agricole	6.77818368419351
BSV_ZNA_N3_06_08_2010_cle4c36c7	tournesol	6.660596728839782
BSV_ZNA_N3_06_08_2010_cle4c36c7	céréale à paille	4.730532796545574
BSV_ZNA_N7_03_08_2011_cle431c59	topinambour	7.156749603819007
BSV_ZNA_N7_03_08_2011_cle431c59	tournesol	6.7061640809095815
BSV_ZNA_N7_03_08_2011_cle431c59	zone non agricole	6.615620363300444
BSV_ZNA_N7_03_08_2011_cle431c59	céréale à paille	4.762895940899379
BSV_ZNA_n_07_du_28_juin_2013	arboriculture fruitière	4.796543138954561
BSV_ZNA_n_07_du_28_juin_2013	culture légumière	4.18822878259465
BSV_ZNA_n_10_du_13_septembre_2013	arboriculture fruitière	4.796543138954561
BSV_ZNA_n_10_du_13_septembre_2013	culture légumière	4.18822878259465
BSV_ZNA_n_12_du_18_octobre_2013	arboriculture fruitière	4.796543138954561
BSV_ZNA_n_12_du_18_octobre_2013	culture légumière	4.18822878259465
BSV_arbo_17	arboriculture fruitière	4.796543138954561
BSV_arbo_17	culture légumière	4.18822878259465
BSV_arbo_1_cle0a7af5	cerisier	8.26645632944044
BSV_arboriculture_no09_du_14_avril_2011_cle87424a	pomme de terre	3.2182241895866754
BSV_arboriculture_no09_du_14_avril_2011_cle87424a	grande culture	2.7064096459579314
BSV_arboriculture_no12_du_28_avril_2011_cle88e81d	pomme de terre	3.2182241895866754
BSV_arboriculture_no12_du_28_avril_2011_cle88e81d	grande culture	2.7064096459579314
BSV_cereales_paille_07_003	blé tendre d'hiver	8.493086186099912
BSV_cereales_paille_07_003	orge d'hiver	6.507532262767938
BSV_cereales_paille_07_003	céréale à paille	5.795690292226402
BSV_cereales_paille_20_001	blé dur	6.38235641212468
BSV_cereales_paille_20_001	céréale à paille	5.993216826940744
BSV_cereales_paille_20_001	blé tendre	5.535638516414046
BSV_cereales_paille_20_001	orge de printemps	5.25614394710261
BSV_cereales_paille_20_001	orge d'hiver	4.825606121855645
BSV_grandes_cultures_12-20_cle48bba7	légume à graines ou à gousses	9.656788372721776
BSV_grandes_cultures_12-20_cle48bba7	pois protéagineux de printemps	4.9289538999604074
BSV_grandes_cultures_12-20_cle48bba7	pomme de terre	3.785408783856576
BSV_grandes_cultures_12-20_cle48bba7	grande culture	2.666674430927554
BSV_grandes_cultures_12-30_cle4692e1	pomme de terre	3.2182241895866754
BSV_grandes_cultures_12-30_cle4692e1	grande culture	2.7064096459579314
BSV_grandes_cultures_12-36_cle41c945	orge d'hiver	5.79406514223322
BSV_grandes_cultures_12-36_cle41c945	pomme de terre	3.2107488327224107
BSV_grandes_cultures_12-36_cle41c945	grande culture	2.700123142366949
BSV_grandes_cultures_13-32_cle427651	pomme de terre	3.2182241895866754
BSV_grandes_cultures_13-32_cle427651	grande culture	2.7064096459579314
BSV_grandes_cultures_13-36_cle4e21eb	orge d'hiver	5.775284214883936
BSV_grandes_cultures_13-36_cle4e21eb	blé tendre	4.70631806816881
BSV_grandes_cultures_13-36_cle4e21eb	pomme de terre	3.2003414867427074
BSV_grandes_cultures_13-36_cle4e21eb	grande culture	2.6913709424302787
BSV_juin2013_cle08ce1a-1	bananier plantain	10.958121118752226
BSV_juin2013_cle08ce1a-1	piment	10.958121118752226
BSV_juin2013_cle08ce1a-1	canne à sucre	9.989546938458158
BSV_juin2013_cle08ce1a-1	tomate	6.054515005649327
BSV_legumes_11_002	pomme de terre potagère	8.394247932388609
BSV_legumes_11_002	oignon	7.913822441947323
BSV_legumes_11_002	Chou cabus blanc	7.35532478581096
BSV_legumes_11_002	betterave potagère	7.0379357538027945
BSV_legumes_11_002	céleri-rave	6.169380898494847
BSV_legumes_11_002	culture légumière de plein champ	6.017393320891272
BSV_legumes_11_002	céleri à cotes	5.709474682496981
BSV_legumes_11_002	chou-fleur	5.081184270663974
BSV_legumes_11_002	tomate	4.44785170345401
BSV_legumes_11_002	pomme de terre	2.3156932778500896
BSV_legumes_11_002	grande culture	1.9474139323582478
BSV_legumes_27_001	Chou cabus blanc	9.477332804755372
BSV_legumes_27_001	fraisier	9.099994033498572
BSV_legumes_27_001	laitue à couper	8.434414206791809
BSV_legumes_27_001	Chou navet	7.5434345252340105
BSV_legumes_27_001	céleri	7.0606850424803635
BSV_legumes_27_001	laitue beurre pommée	6.69937967178715
BSV_legumes_27_001	pomme de terre potagère	5.780741560745622
BSV_legumes_frais_no8_18_mai_2012_cle8f7dbc	chou-fleur	7.061552705624225
BSV_legumes_frais_no8_18_mai_2012_cle8f7dbc	culture légumière	4.18822878259465
BSV_legumes_no24_cle46aed9	fraisier	9.11188874377942
BSV_legumes_no24_cle46aed9	betterave sucrière	9.10140588667229
BSV_legumes_no24_cle46aed9	betterave potagère	8.231816645705281
BSV_legumes_no24_cle46aed9	oignon	6.785381248842572
BSV_legumes_no24_cle46aed9	laitue à couper	6.557713481684765
BSV_legumes_no24_cle46aed9	pomme de terre potagère	6.35817689946614
BSV_legumes_no24_cle46aed9	céleri-rave	6.180496633069082
BSV_legumes_no24_cle46aed9	tomate	5.740342315210597
BSV_legumes_no24_cle46aed9	haricot vert	5.616384233301321
BSV_legumes_no24_cle46aed9	pomme de terre	2.988605061083518
BSV_lin_01	lin oléagineux	7.814659474014183
BSV_lin_01	lin oléagineux de printemps	6.957875749097931
BSV_lin_01	lin oléagineux d'hiver	5.959105069723716
BSV_lin_18	lin oléagineux de printemps	8.257347128943373
BSV_lin_18	lin oléagineux	7.58063101254422
BSV_lin_18	lin oléagineux d'hiver	7.395934734931694
BSV_lin_18	lin fibre de printemps	5.412752595281552
BSV_maraich_12-09_cle09e4cd	laitue beurre pommée	7.890625614661012
BSV_maraich_12-09_cle09e4cd	tomate	6.147033577200976
BSV_maraich_12-09_cle09e4cd	pomme de terre	3.2003414867427074
BSV_maraich_12-09_cle09e4cd	grande culture	2.6913709424302787
BSV_maraich_12-20_cle082e21	olivier fruit à noyaux	8.343220048131961
BSV_maraich_12-20_cle082e21	pomme de terre	3.2107488327224107
BSV_maraich_12-20_cle082e21	grande culture	2.700123142366949
BSV_maraichage_13-04_cle0b1abb	pomme de terre	3.2182241895866754
BSV_maraichage_13-04_cle0b1abb	grande culture	2.7064096459579314
BSV_maraichage_14-04_cle058f22	pomme de terre	3.2182241895866754
BSV_maraichage_14-04_cle058f22	grande culture	2.7064096459579314
BSV_maraichage_no02_du_4_mai_2011_cle83f85e	oignon	7.2897403567935
BSV_maraichage_no02_du_4_mai_2011_cle83f85e	pomme de terre	3.2107488327224107
BSV_maraichage_no02_du_4_mai_2011_cle83f85e	grande culture	2.700123142366949
BSV_maraichage_no06_du_29_juin_2011_cle013a3c	oignon	7.2897403567935
BSV_maraichage_no06_du_29_juin_2011_cle013a3c	pomme de terre	3.2107488327224107
BSV_maraichage_no06_du_29_juin_2011_cle013a3c	grande culture	2.700123142366949
BSV_no12_du_06-05-14_cle0cdc21	lin oléagineux de printemps	8.429621689208027
BSV_no12_du_06-05-14_cle0cdc21	lin oléagineux d'hiver	7.395934734931694
BSV_no12_du_06-05-14_cle0cdc21	lin oléagineux	5.802011946950519
BSV_no12_du_06-05-14_cle0cdc21	lin fibre de printemps	5.412752595281552
BSV_no12_du_06-05-14_cle0cdc21	blé tendre	4.235599091171003
BSV_no12_du_06-05-14_cle0cdc21	grande culture	2.4221839987532365
BSV_no15_du_27-05-14_cle0f3e54	lin oléagineux de printemps	7.830279721999084
BSV_no15_du_27-05-14_cle0f3e54	lin oléagineux d'hiver	7.055822119134449
BSV_no15_du_27-05-14_cle0f3e54	maïs grain	7.053800506076642
BSV_no15_du_27-05-14_cle0f3e54	lin oléagineux	6.258441137123191
BSV_no15_du_27-05-14_cle0f3e54	blé tendre	4.568802655857798
BSV_no15_du_27-05-14_cle0f3e54	grande culture	2.6127309143936315
BSV_no4_proteagineux_Normandie_R2013_ok_cle8b7b1e	féverole de printemps	6.325701798093637
BSV_no4_proteagineux_Normandie_R2013_ok_cle8b7b1e	pois protéagineux de printemps	5.002398577277699
BSV_no9_du_15-04-14_cle81cb1c	lin oléagineux de printemps	8.612404197670083
BSV_no9_du_15-04-14_cle81cb1c	lin oléagineux d'hiver	7.298792110624109
BSV_no9_du_15-04-14_cle81cb1c	lin oléagineux	5.723301968955529
BSV_no9_du_15-04-14_cle81cb1c	lin fibre de printemps	5.339323301863628
BSV_no9_du_15-04-14_cle81cb1c	blé tendre	4.1781390386392445
BSV_no9_du_15-04-14_cle81cb1c	grande culture	2.389324699085319
BSV_oleagineux_05_002	céréale à paille	4.8695003161373736
BSV_oleagineux_09_002	céréale à paille	4.8695003161373736
BSV_olive_PACA_No_10_26oct2010_cle02435e	cameline	9.814391001466783
BSV_pdt_09_01_cle8a7831	pomme de terre	3.9781169823696123
BSV_pdt_09_13_cle841d32	pomme de terre	3.942964180707383
BSV_pdt_09_17_cle8f8bac	pomme de terre	3.8902893949797526
BSV_pdt_10_02_cle8c52fe	pomme de terre	3.2227261352433167
BSV_pdt_13_17_cle8cef33	pomme de terre	3.2227261352433167
BSV_pdt_14_12_cle8b18c9	pomme de terre	3.640941063938847
BSV_pois_08_cle47b73e	pois protéagineux d'hiver	7.48503586141387
BSV_pois_08_cle47b73e	pois protéagineux de printemps	6.090095723206309
BSV_pomme_de_terre_n_16_du_20juin_2012_cle872188	pomme de terre	3.640941063938847
BSV_pomme_de_terre_n_o25_du_24_aout_2010_cle04fc6d	pomme de terre	3.8041610382442212
BSV_pomme_de_terre_n_o5_du_12_avril_2011-1_cle08321f	pomme de terre	3.942964180707383
BSV_pomme_de_terre_n_o7_du_24_avril_2012_cle0cdf41	pomme de terre	3.640941063938847
BSV_proteagineux_14_002	pois protéagineux de printemps	6.2642337401708295
BSV_proteagineux_14_002	pois protéagineux d'hiver	5.789114750777556
BSVarbo10_cle814295	cerisier	7.316933834110173
BSVarbo15_cle897df1-2	cerisier	7.316933834110173
BSVarbo3_cle8618a5-3	cerisier	8.832581145297421
BSVarbo5_cle8dc254-1	cerisier	8.240409612099455
BSVarbo5_cle8dc254-1	arboriculture fruitière	4.769890192926208
BSVarbo5_cle8dc254-1	culture légumière	4.164956056286757
BSVleg18	pomme de terre	3.640941063938847
BSVleg22_cle8a58a1	tomate	6.190028734598112
BSVleg2_cle055aaa	laitue beurre pommée	7.857877719247395
BSVleg2_cle055aaa	laitue à couper	6.9931695800740385
BSVleg2_cle055aaa	pomme de terre potagère	6.7803830408663615
BSVleg2_cle055aaa	pomme de terre	3.620912020044315
BSVleg3_cle037b91-1	oignon	7.2897403567935
BSVleg3_cle037b91-1	pomme de terre	3.636152172351519
BSVleg9	haricot vert	6.785105934972161
BSVleg9	pomme de terre	3.8793711573114167
BSVn10	culture fourragère	9.746221481750894
BSVn10	grande culture	3.195057759410878
BSVn10_26-10-11_2_cle0f4be8	grande culture	2.710195618728299
BSVno30_18-06-14_cle428c1a	maïs grain	7.235955317526282
BSVno30_18-06-14_cle428c1a	orge de printemps	6.264444553648297
BSVno30_18-06-14_cle428c1a	pois protéagineux de printemps	5.628335401904902
BSVno30_18-06-14_cle428c1a	grande culture	2.680201139369519
Bul_leg_no4_cle4be3c9	culture légumière	4.194087659188094
Bulletin-de-sante-du-vegetal-no1-1842	zone non agricole	6.2203444041668146
Bulletin-de-sante-du-vegetal-no12-1820	vigne de table	9.486665121677293
Bulletin-de-sante-du-vegetal-no24-1675	blé dur	6.06047127345124
Bulletin-de-sante-du-vegetal-no24-1675	blé tendre	5.654913634034391
Bulletin-de-sante-du-vegetal-no24-1675	pois protéagineux d'hiver	5.606283065044023
Bulletin-de-sante-du-vegetal-no24-1675	pois protéagineux de printemps	4.637124275275094
Bulletin-de-sante-du-vegetal-no24-1675	céréale à paille	4.50762454625872
Bulletin-de-sante-du-vegetal-no24-1675	grande culture	3.2607629697530176
COMPIL-BSV_-_Legumes_no18_cle04e91c	fraisier	8.866917174291826
COMPIL-BSV_-_Legumes_no18_cle04e91c	betterave potagère	7.921857019794061
COMPIL-BSV_-_Legumes_no18_cle04e91c	pomme de terre potagère	7.651060118442922
COMPIL-BSV_-_Legumes_no18_cle04e91c	céleri	7.278152107009207
COMPIL-BSV_-_Legumes_no18_cle04e91c	céleri à cotes	6.905718635021228
COMPIL-BSV_-_Legumes_no18_cle04e91c	melon	6.905718635021228
COMPIL-BSV_-_Legumes_no18_cle04e91c	oignon	6.359156156887629
COMPIL-BSV_-_Legumes_no18_cle04e91c	haricot vert	6.3103975948877356
COMPIL-BSV_-_Legumes_no18_cle04e91c	céleri-rave	5.7922674902767834
COMPIL-BSV_-_Legumes_no18_cle04e91c	pomme de terre	3.5963134329516224
JV_19_du_060813	engrais vert	11.088009875866915
Lettre_liaison_Ecophyto_1	grande culture	3.4091772297108314
Note_nationale_Ambroisie_1_BSV_21_cle812a7a	topinambour	7.266111336291442
Note_nationale_Ambroisie_1_BSV_21_cle812a7a	tournesol	6.808640451151923
Note_nationale_Ambroisie_1_BSV_21_cle812a7a	zone non agricole	5.4676046409130405
Note_nationale_Ambroisie_1_BSV_21_cle812a7a	céréale à paille	4.83567738226834
Note_nationale_Ambroisie_cle82f191	topinambour	7.266111336291442
Note_nationale_Ambroisie_cle82f191	tournesol	6.808640451151923
Note_nationale_Ambroisie_cle82f191	zone non agricole	5.4676046409130405
Note_nationale_Ambroisie_cle82f191	céréale à paille	4.83567738226834
Note_nationale_BSV_Ambroisie_2011_cle8ded6f-2	topinambour	7.266111336291442
Note_nationale_BSV_Ambroisie_2011_cle8ded6f-2	tournesol	6.808640451151923
Note_nationale_BSV_Ambroisie_2011_cle8ded6f-2	zone non agricole	5.4676046409130405
Note_nationale_BSV_Ambroisie_2011_cle8ded6f-2	céréale à paille	4.83567738226834
Note_nationale_BSV_Hannetons_et_vers_blancs_cle8bf378-1	surface toujours en herbe	9.599531785299263
Note_nationale_BSV_Hannetons_et_vers_blancs_cle8bf378-1	zone non agricole	5.385312106663247
Note_nationale_BSV_Hannetons_et_vers_blancs_cle8bf378-1	arboriculture fruitière	5.363004991740015
Note_nationale_BSV_Hannetons_et_vers_blancs_cle8bf378-1	céréale à paille	4.762895940899379
Note_nationale_BSV_Hannetons_et_vers_blancs_cle8bf378-1	culture légumière	4.102269594587209
Note_nationale_BSV_Hannetons_et_vers_blancs_cle8bf378-1	pomme de terre	3.1521733713237348
Note_nationale_abeilles	floriculture	7.316933834110173
Note_nationale_abeilles_et_pollinisateurs_cle4f1286	floriculture	7.316933834110173
Pomme_de_terre_Centre_2009_no16_cle477634	pomme de terre	3.640941063938847
bilanBSV_11_cle4f1ed3	pomme de terre	3.8041610382442212
bsv_02_pdt_11_fev_14_cle0c474f	pomme de terre	4.021193854370576
bsv_09_ornement_20140711_cle84eab1	zone non agricole	6.490860237037983
bsv_09_ornement_20140711_cle84eab1	horticulture ornementale	5.775284214883936
bsv_09_pdt_28_mai_13_cle07bd36	pomme de terre	3.640941063938847
bsv_12_gc_10_mai_12_cle8df51d	pois protéagineux d'hiver	7.113790472717892
bsv_12_gc_10_mai_12_cle8df51d	orge de printemps	6.232828525364693
bsv_12_gc_10_mai_12_cle8df51d	orge d'hiver	5.72228915173757
bsv_12_gc_10_mai_12_cle8df51d	pois protéagineux de printemps	4.9289538999604074
bsv_13_pdt_25_juin_13_cle453463	pomme de terre	3.2227261352433167
bsv_2014_arbo_39_cle4cea53	pomme de terre	3.2182241895866754
bsv_2014_arbo_39_cle4cea53	grande culture	2.7064096459579314
bsv_25_gc_22_juillet_2014_cle0d9193	maïs fourrage	10.107954995999588
bsv_32_aout_2013_01_ambroisie_cle8311f4	tournesol	6.856263188880823
bsv_3_Flash_Ornement20140728_cle8e64ac	zone non agricole	5.505847562343187
bsv_40_zna__mai_2014_01_cle8af58a-1	topinambour	7.316933834110173
bsv_arbo_41_2013_cle46e2d1	arbre à fruits à pépins	9.885218151333891
bsv_cereales_paille_2010_s23_cle8b462b	blé dur	6.6215006194453485
bsv_cereales_paille_2010_s23_cle8b462b	céréale à paille	5.861463684891887
bsv_cereales_paille_2010_s23_cle8b462b	blé tendre	5.600354979745549
bsv_grandes_cultures_N15_28_02_13_V3	pois protéagineux de printemps	5.794112764524681
bsv_grandes_cultures_N15_28_02_13_V3	pois protéagineux d'hiver	5.735430305073373
bsv_grandes_cultures_N15_28_02_13_V3	grande culture	3.3463996806785197
bsv_grandes_cultures_colza_N6_V3-2	grande culture	3.3663353907635565
bsv_grandescultures_20110503_24__cle083e91	blé tendre d'hiver	7.625488982862095
bsv_grandescultures_20110503_24__cle083e91	féverole d'hiver	6.660596728839782
bsv_grandescultures_20110503_24__cle083e91	blé dur	6.23202863850154
bsv_grandescultures_20110503_24__cle083e91	orge d'hiver	5.6497092812806615
bsv_grandescultures_20110503_24__cle083e91	pois protéagineux de printemps	4.866436465755152
bsv_grandescultures_20110503_24__cle083e91	blé tendre	4.60398620761672
bsv_grandescultures_20120306_4__cle49ab89	blé dur	6.346122813786863
bsv_grandescultures_20120306_4__cle49ab89	féverole d'hiver	5.5959377456270625
bsv_grandescultures_20120306_4__cle49ab89	blé tendre	5.509830255693967
bsv_grandescultures_20120306_4__cle49ab89	pois protéagineux de printemps	5.439151648381151
bsv_grandescultures_20120306_4__cle49ab89	orge d'hiver	4.746634979722773
bsv_grandescultures_20120306_4__cle49ab89	céréale à paille	3.9743836942560655
bsv_grandescultures_20120306_4__cle49ab89	grande culture	3.2493823606730468
bsv_legumes_17	Chou cabus blanc	8.690553603816594
bsv_legumes_17	fraisier	8.690553603816594
bsv_legumes_17	betterave potagère	7.702920103654245
bsv_legumes_17	pomme de terre potagère	7.498880025420116
bsv_legumes_17	céleri	6.948678130452709
bsv_legumes_17	céleri à cotes	6.593104313939703
bsv_legumes_17	céleri-rave	5.530057883326891
bsv_legumes_17	pomme de terre	3.2651026028887045
bsv_legumes_17	grande culture	3.165628934355363
bsv_maraichage_no40_du_8_02_2013_cle03a587	tomate	6.190028734598112
bsv_maraichage_no55_du_20_septembre_2013_cle043712	laitue à couper	7.061552705624225
bsv_maraichage_no55_du_20_septembre_2013_cle043712	tomate	6.181381653894773
bsv_maraichage_no72_du_2_juin_2014_cle8a3b46	courgette	9.748464669281752
bsv_maraichage_no72_du_2_juin_2014_cle8a3b46	melon	9.422018765531206
bsv_maraichage_no72_du_2_juin_2014_cle8a3b46	tomate	5.803076773192061
bsv_maraichage_no72_du_2_juin_2014_cle8a3b46	pomme de terre	3.89014341423996
bsv_zna_20130801_9_cle8215c1	zone non agricole	6.903187831752805
bsv_zna_20130801_9_cle8215c1	poireau	6.696712167916443
bsv_zna_mai_2011_4__cle81e41d	topinambour	7.266111336291442
bsv_zna_mai_2011_4__cle81e41d	zone non agricole	6.490860237037983
bsvarbo_N6_2011-04-18_cle441e5f	arbre à fruits à pépins	9.461086513255704
bsvmaraichage_20130329_3_cle8d1bdc	culture légumière	4.194087659188094
horti12_cle0346d5	rosier ornemental	10.09466010882746
horti12_cle0346d5	horticulture ornementale	5.79406514223322
modification_BSV_maraichage_13-03_cle8eed1c	pomme de terre	3.2182241895866754
modification_BSV_maraichage_13-03_cle8eed1c	grande culture	2.7064096459579314
note_nationale_cle831acf	pomme de terre	4.021193854370576
pdf_BSV_no14_du_27_mai_2010_cle813bfb-1	orge de printemps	6.232828525364693
pdf_BSV_no14_du_27_mai_2010_cle813bfb-1	lin fibre de printemps	5.959105069723716
pdf_BSV_no14_du_27_mai_2010_cle813bfb-1	pomme de terre	3.8793711573114167
